1.333422064781188965e-01 -4.919918775558471680e-01 4.880877137184143066e-01 1.022413466125726700e-02 0.000000000000000000e+00
1.331804841756820679e-01 -4.917677640914916992e-01 4.882840514183044434e-01 9.695328772068023682e-03 1.000000000000000000e+00
1.329205036163330078e-01 -4.918652772903442383e-01 4.882403612136840820e-01 9.900350123643875122e-03 2.000000000000000000e+00
1.328464448451995850e-01 -4.920988678932189941e-01 4.883032441139221191e-01 9.935905225574970245e-03 3.000000000000000000e+00
1.330219209194183350e-01 -4.916949868202209473e-01 4.881660342216491699e-01 1.005917787551879883e-02 4.000000000000000000e+00
1.330547183752059937e-01 -4.918444752693176270e-01 4.881874322891235352e-01 9.695328772068023682e-03 5.000000000000000000e+00
1.329593360424041748e-01 -4.919897913932800293e-01 4.882966876029968262e-01 9.695328772068023682e-03 6.000000000000000000e+00
1.332522034645080566e-01 -4.917571544647216797e-01 4.884943962097167969e-01 9.695328772068023682e-03 7.000000000000000000e+00
1.334930211305618286e-01 -4.919654726982116699e-01 4.883283972740173340e-01 9.695328772068023682e-03 8.000000000000000000e+00
1.332979202270507812e-01 -4.919433593750000000e-01 4.880955815315246582e-01 9.695328772068023682e-03 9.000000000000000000e+00
1.334204822778701782e-01 -4.922246038913726807e-01 4.883124232292175293e-01 9.695328772068023682e-03 1.000000000000000000e+01
1.333088725805282593e-01 -4.920185208320617676e-01 4.884815812110900879e-01 9.750093333423137665e-03 1.100000000000000000e+01
1.330494135618209839e-01 -4.919443726539611816e-01 4.881484508514404297e-01 9.964693337678909302e-03 1.200000000000000000e+01
1.331624239683151245e-01 -4.919919967651367188e-01 4.884138703346252441e-01 9.695328772068023682e-03 1.300000000000000000e+01
1.333216875791549683e-01 -4.917986392974853516e-01 4.881137609481811523e-01 1.052305661141872406e-02 1.400000000000000000e+01
1.334057301282882690e-01 -4.919984340667724609e-01 4.883157610893249512e-01 9.695328772068023682e-03 1.500000000000000000e+01
1.330730915069580078e-01 -4.920244812965393066e-01 4.885089397430419922e-01 9.756460785865783691e-03 1.600000000000000000e+01
1.333374828100204468e-01 -4.920004606246948242e-01 4.878708720207214355e-01 9.695328772068023682e-03 1.700000000000000000e+01
1.336029171943664551e-01 -4.916637837886810303e-01 4.881848692893981934e-01 1.014628633856773376e-02 1.800000000000000000e+01
1.325807422399520874e-01 -4.917400479316711426e-01 4.883704781532287598e-01 1.004280708730220795e-02 1.900000000000000000e+01
1.340416073799133301e-01 -4.920771718025207520e-01 4.880055189132690430e-01 1.007992681115865707e-02 2.000000000000000000e+01
1.325993239879608154e-01 -4.916905760765075684e-01 4.881498217582702637e-01 9.695328772068023682e-03 2.100000000000000000e+01
1.332368701696395874e-01 -4.918657541275024414e-01 4.883682727813720703e-01 9.695328772068023682e-03 2.200000000000000000e+01
1.337057501077651978e-01 -4.921365380287170410e-01 4.881881475448608398e-01 1.013431977480649948e-02 2.300000000000000000e+01
1.324461549520492554e-01 -4.918622970581054688e-01 4.879795312881469727e-01 9.695328772068023682e-03 2.400000000000000000e+01
1.332455873489379883e-01 -4.914237558841705322e-01 4.889599084854125977e-01 1.588854193687438965e-01 2.500000000000000000e+01
1.331023275852203369e-01 -4.919667840003967285e-01 4.880270361900329590e-01 2.888840734958648682e-01 2.600000000000000000e+01
1.333068907260894775e-01 -4.919997155666351318e-01 4.880314469337463379e-01 4.088377058506011963e-01 2.700000000000000000e+01
1.337045580148696899e-01 -4.918771982192993164e-01 4.880977272987365723e-01 5.281741023063659668e-01 2.800000000000000000e+01
1.331080943346023560e-01 -4.920020103454589844e-01 4.878847599029541016e-01 6.495560407638549805e-01 2.900000000000000000e+01
1.324380338191986084e-01 -4.919166564941406250e-01 4.885935783386230469e-01 7.681922316551208496e-01 3.000000000000000000e+01
1.334269642829895020e-01 -4.919624328613281250e-01 4.881284236907958984e-01 8.900506496429443359e-01 3.100000000000000000e+01
1.324100494384765625e-01 -4.916208386421203613e-01 4.881334900856018066e-01 8.994585871696472168e-01 3.200000000000000000e+01
1.336055099964141846e-01 -4.920436143875122070e-01 4.881443977355957031e-01 8.997697830200195312e-01 3.300000000000000000e+01
1.335470080375671387e-01 -4.921710491180419922e-01 4.878637194633483887e-01 8.997358679771423340e-01 3.400000000000000000e+01
1.335925757884979248e-01 -4.918846487998962402e-01 4.876731038093566895e-01 8.999999761581420898e-01 3.500000000000000000e+01
1.336053013801574707e-01 -4.919854104518890381e-01 4.881302714347839355e-01 8.701294660568237305e-01 3.600000000000000000e+01
1.332797557115554810e-01 -4.915593266487121582e-01 4.878374338150024414e-01 7.606044411659240723e-01 3.700000000000000000e+01
1.322768926620483398e-01 -4.922883510589599609e-01 4.881073236465454102e-01 6.396738290786743164e-01 3.800000000000000000e+01
1.330500990152359009e-01 -4.918190836906433105e-01 4.883831143379211426e-01 5.207880735397338867e-01 3.900000000000000000e+01
1.328522115945816040e-01 -4.920477271080017090e-01 4.884018898010253906e-01 2.945730686187744141e-01 4.000000000000000000e+01
1.332539021968841553e-01 -4.918492734432220459e-01 4.884147644042968750e-01 1.727018952369689941e-01 4.100000000000000000e+01
1.337415277957916260e-01 -4.916378259658813477e-01 4.882854819297790527e-01 5.164019763469696045e-02 4.200000000000000000e+01
1.323860138654708862e-01 -4.919626712799072266e-01 4.880776405334472656e-01 1.043042913079261780e-02 4.300000000000000000e+01
1.336748600006103516e-01 -4.919176697731018066e-01 4.883599281311035156e-01 9.695328772068023682e-03 4.400000000000000000e+01
1.331378072500228882e-01 -4.919727444648742676e-01 4.881418347358703613e-01 9.934233501553535461e-03 4.500000000000000000e+01
1.332900524139404297e-01 -4.920454621315002441e-01 4.879171848297119141e-01 1.023050211369991302e-02 4.600000000000000000e+01
1.334810107946395874e-01 -4.918980002403259277e-01 4.879332184791564941e-01 9.917225688695907593e-03 4.700000000000000000e+01
1.332531720399856567e-01 -4.921548366546630859e-01 4.885821938514709473e-01 9.695328772068023682e-03 4.800000000000000000e+01
1.338096559047698975e-01 -4.918421506881713867e-01 4.884760975837707520e-01 9.695328772068023682e-03 4.900000000000000000e+01
1.331023573875427246e-01 -4.921319186687469482e-01 4.886164069175720215e-01 9.695328772068023682e-03 5.000000000000000000e+01
1.335218995809555054e-01 -4.919908344745635986e-01 4.881748557090759277e-01 9.695328772068023682e-03 5.100000000000000000e+01
1.326356083154678345e-01 -4.918957650661468506e-01 4.882327914237976074e-01 9.695328772068023682e-03 5.200000000000000000e+01
1.330974102020263672e-01 -4.918473362922668457e-01 4.880928397178649902e-01 9.695328772068023682e-03 5.300000000000000000e+01
1.331889927387237549e-01 -4.917838573455810547e-01 4.880091547966003418e-01 9.695328772068023682e-03 5.400000000000000000e+01
1.325265467166900635e-01 -4.917621612548828125e-01 4.886848926544189453e-01 9.695328772068023682e-03 5.500000000000000000e+01
1.336200088262557983e-01 -4.919960200786590576e-01 4.883316159248352051e-01 9.869864210486412048e-03 5.600000000000000000e+01
1.328784972429275513e-01 -4.917039871215820312e-01 4.883128404617309570e-01 1.019736193120479584e-02 5.700000000000000000e+01
1.332361847162246704e-01 -4.917470216751098633e-01 4.883994460105895996e-01 9.727911092340946198e-03 5.800000000000000000e+01
1.332921832799911499e-01 -4.917771220207214355e-01 4.882550239562988281e-01 9.695328772068023682e-03 5.900000000000000000e+01
1.330413520336151123e-01 -4.926646649837493896e-01 4.874638915061950684e-01 9.949516505002975464e-03 6.000000000000000000e+01
1.342659145593643188e-01 -4.963163137435913086e-01 4.858857393264770508e-01 1.026823278516530991e-02 6.100000000000000000e+01
1.385746896266937256e-01 -5.033621788024902344e-01 4.839262366294860840e-01 9.820007719099521637e-03 6.200000000000000000e+01
1.467760205268859863e-01 -5.097705721855163574e-01 4.796398878097534180e-01 9.979684837162494659e-03 6.300000000000000000e+01
1.586960852146148682e-01 -5.172235965728759766e-01 4.745824933052062988e-01 1.017449051141738892e-02 6.400000000000000000e+01
1.737031787633895874e-01 -5.256133079528808594e-01 4.681004285812377930e-01 9.971830993890762329e-03 6.500000000000000000e+01
1.919808387756347656e-01 -5.335422754287719727e-01 4.618521332740783691e-01 9.788778610527515411e-03 6.600000000000000000e+01
2.149969637393951416e-01 -5.398169755935668945e-01 4.547800421714782715e-01 9.851847775280475616e-03 6.700000000000000000e+01
2.476030886173248291e-01 -5.413878560066223145e-01 4.470384716987609863e-01 9.741523303091526031e-03 6.800000000000000000e+01
2.846649587154388428e-01 -5.389304161071777344e-01 4.391370415687561035e-01 9.695328772068023682e-03 6.900000000000000000e+01
3.217408359050750732e-01 -5.360396504402160645e-01 4.341702461242675781e-01 9.695328772068023682e-03 7.000000000000000000e+01
3.527363836765289307e-01 -5.325964689254760742e-01 4.292682409286499023e-01 9.695328772068023682e-03 7.100000000000000000e+01
3.765523433685302734e-01 -5.293114185333251953e-01 4.227401018142700195e-01 9.729822166264057159e-03 7.200000000000000000e+01
3.901992142200469971e-01 -5.278483629226684570e-01 4.186735749244689941e-01 9.695328772068023682e-03 7.300000000000000000e+01
3.941503167152404785e-01 -5.283475518226623535e-01 4.198399782180786133e-01 9.695328772068023682e-03 7.400000000000000000e+01
3.962561190128326416e-01 -5.323946475982666016e-01 4.173590540885925293e-01 1.012614741921424866e-02 7.500000000000000000e+01
4.040757119655609131e-01 -5.424998402595520020e-01 4.072511196136474609e-01 9.695328772068023682e-03 7.600000000000000000e+01
4.202567636966705322e-01 -5.608256459236145020e-01 3.945424556732177734e-01 9.917888790369033813e-03 7.700000000000000000e+01
4.442031383514404297e-01 -5.811251997947692871e-01 3.806328773498535156e-01 9.695328772068023682e-03 7.800000000000000000e+01
4.742973446846008301e-01 -5.985937118530273438e-01 3.609627485275268555e-01 9.695328772068023682e-03 7.900000000000000000e+01
5.058535337448120117e-01 -6.137450933456420898e-01 3.463807106018066406e-01 9.695328772068023682e-03 8.000000000000000000e+01
5.389594435691833496e-01 -6.265704035758972168e-01 3.433969020843505859e-01 9.764792397618293762e-03 8.100000000000000000e+01
5.741444230079650879e-01 -6.335304975509643555e-01 3.347679972648620605e-01 9.845771826803684235e-03 8.200000000000000000e+01
6.058954000473022461e-01 -6.348795294761657715e-01 3.176207542419433594e-01 9.695328772068023682e-03 8.300000000000000000e+01
6.331738233566284180e-01 -6.324260830879211426e-01 3.002569675445556641e-01 1.015941984951496124e-02 8.400000000000000000e+01
6.547504067420959473e-01 -6.242397427558898926e-01 2.798134088516235352e-01 9.695328772068023682e-03 8.500000000000000000e+01
6.719487309455871582e-01 -6.132248640060424805e-01 2.595821022987365723e-01 9.695328772068023682e-03 8.600000000000000000e+01
6.827524900436401367e-01 -6.048587560653686523e-01 2.512839734554290771e-01 9.695328772068023682e-03 8.700000000000000000e+01
6.919038295745849609e-01 -5.972598791122436523e-01 2.442834079265594482e-01 9.785700589418411255e-03 8.800000000000000000e+01
6.956353187561035156e-01 -5.923818349838256836e-01 2.325433045625686646e-01 9.695328772068023682e-03 8.900000000000000000e+01
6.956542134284973145e-01 -5.928308963775634766e-01 2.261800169944763184e-01 9.705995209515094757e-03 9.000000000000000000e+01
6.956698298454284668e-01 -5.933649539947509766e-01 2.204827964305877686e-01 9.695328772068023682e-03 9.100000000000000000e+01
6.962612271308898926e-01 -5.941047668457031250e-01 2.086639553308486938e-01 9.695328772068023682e-03 9.200000000000000000e+01
6.946725845336914062e-01 -5.957927107810974121e-01 1.967851817607879639e-01 9.750093333423137665e-03 9.300000000000000000e+01
6.949331164360046387e-01 -5.963882207870483398e-01 1.928126662969589233e-01 9.860258549451828003e-03 9.400000000000000000e+01
6.957100033760070801e-01 -5.936608314514160156e-01 1.912111937999725342e-01 9.730644524097442627e-03 9.500000000000000000e+01
6.943520307540893555e-01 -5.904230475425720215e-01 1.867886185646057129e-01 9.743088856339454651e-03 9.600000000000000000e+01
6.937568187713623047e-01 -5.893076658248901367e-01 1.858817040920257568e-01 9.903772734105587006e-03 9.700000000000000000e+01
6.935393214225769043e-01 -5.896556377410888672e-01 1.860345155000686646e-01 9.834760800004005432e-03 9.800000000000000000e+01
6.931309700012207031e-01 -5.896593332290649414e-01 1.818982064723968506e-01 9.695328772068023682e-03 9.900000000000000000e+01
6.938533186912536621e-01 -5.898948907852172852e-01 1.728418022394180298e-01 9.731864556670188904e-03 1.000000000000000000e+02
6.935829520225524902e-01 -5.901830196380615234e-01 1.669488847255706787e-01 1.000881753861904144e-02 1.010000000000000000e+02
6.936306357383728027e-01 -5.899819135665893555e-01 1.647439152002334595e-01 9.892364032566547394e-03 1.020000000000000000e+02
6.941156983375549316e-01 -5.898876190185546875e-01 1.632794737815856934e-01 1.035409327596426010e-02 1.030000000000000000e+02
6.933614015579223633e-01 -5.906459689140319824e-01 1.590228974819183350e-01 1.012856233865022659e-02 1.040000000000000000e+02
6.924041509628295898e-01 -5.912413597106933594e-01 1.542910933494567871e-01 9.977826848626136780e-03 1.050000000000000000e+02
6.925802826881408691e-01 -5.910036563873291016e-01 1.496149897575378418e-01 9.919321164488792419e-03 1.060000000000000000e+02
6.930105686187744141e-01 -5.907503962516784668e-01 1.440865695476531982e-01 1.023403089493513107e-02 1.070000000000000000e+02
6.926583051681518555e-01 -5.907826423645019531e-01 1.385456025600433350e-01 9.946173056960105896e-03 1.080000000000000000e+02
6.926295161247253418e-01 -5.904866456985473633e-01 1.360243856906890869e-01 1.007533632218837738e-02 1.090000000000000000e+02
6.929219961166381836e-01 -5.903938412666320801e-01 1.357588171958923340e-01 9.695328772068023682e-03 1.100000000000000000e+02
6.934134960174560547e-01 -5.900669097900390625e-01 1.357246339321136475e-01 9.759565815329551697e-03 1.110000000000000000e+02
6.934823393821716309e-01 -5.900388956069946289e-01 1.353917121887207031e-01 9.695328772068023682e-03 1.120000000000000000e+02
6.933584213256835938e-01 -5.897173285484313965e-01 1.344068050384521484e-01 1.045584864914417267e-02 1.130000000000000000e+02
6.929526329040527344e-01 -5.897177457809448242e-01 1.346567422151565552e-01 9.695328772068023682e-03 1.140000000000000000e+02
6.927903294563293457e-01 -5.902408957481384277e-01 1.349754631519317627e-01 1.001871470361948013e-02 1.150000000000000000e+02
6.929945945739746094e-01 -5.903269052505493164e-01 1.356349885463714600e-01 9.700025431811809540e-03 1.160000000000000000e+02
6.931568384170532227e-01 -5.903764963150024414e-01 1.354004591703414917e-01 9.792625904083251953e-03 1.170000000000000000e+02
6.927766203880310059e-01 -5.903471112251281738e-01 1.356994211673736572e-01 9.822316467761993408e-03 1.180000000000000000e+02
6.934056878089904785e-01 -5.900329351425170898e-01 1.356601119041442871e-01 9.830382652580738068e-03 1.190000000000000000e+02
6.930211186408996582e-01 -5.902845859527587891e-01 1.354327499866485596e-01 9.778589941561222076e-03 1.200000000000000000e+02
6.933704018592834473e-01 -5.903568863868713379e-01 1.354024261236190796e-01 9.695328772068023682e-03 1.210000000000000000e+02
6.933742761611938477e-01 -5.901303291320800781e-01 1.356276273727416992e-01 9.695328772068023682e-03 1.220000000000000000e+02
6.933426856994628906e-01 -5.900738835334777832e-01 1.356915831565856934e-01 1.009645685553550720e-02 1.230000000000000000e+02
6.931102275848388672e-01 -5.903353095054626465e-01 1.352840065956115723e-01 9.695328772068023682e-03 1.240000000000000000e+02
6.930390596389770508e-01 -5.901556015014648438e-01 1.356451511383056641e-01 9.718121029436588287e-03 1.250000000000000000e+02
6.931432485580444336e-01 -5.901932716369628906e-01 1.354244947433471680e-01 9.695328772068023682e-03 1.260000000000000000e+02
6.933265328407287598e-01 -5.902414917945861816e-01 1.353473961353302002e-01 9.726876392960548401e-03 1.270000000000000000e+02
6.931543350219726562e-01 -5.902918577194213867e-01 1.354326158761978149e-01 9.695328772068023682e-03 1.280000000000000000e+02
6.929889917373657227e-01 -5.901848077774047852e-01 1.353680789470672607e-01 9.695328772068023682e-03 1.290000000000000000e+02
6.928994655609130859e-01 -5.902251005172729492e-01 1.352382749319076538e-01 9.695328772068023682e-03 1.300000000000000000e+02
6.930572986602783203e-01 -5.901160836219787598e-01 1.352393627166748047e-01 9.695328772068023682e-03 1.310000000000000000e+02
6.928872466087341309e-01 -5.903404355049133301e-01 1.355015337467193604e-01 9.695328772068023682e-03 1.320000000000000000e+02
6.930356621742248535e-01 -5.901665091514587402e-01 1.356831938028335571e-01 9.695328772068023682e-03 1.330000000000000000e+02
6.930727958679199219e-01 -5.901936888694763184e-01 1.355965733528137207e-01 9.857366792857646942e-03 1.340000000000000000e+02
6.929496526718139648e-01 -5.900587439537048340e-01 1.351926922798156738e-01 9.695328772068023682e-03 1.350000000000000000e+02
6.929594874382019043e-01 -5.903657674789428711e-01 1.349745988845825195e-01 9.947950951755046844e-03 1.360000000000000000e+02
6.935566067695617676e-01 -5.901472568511962891e-01 1.352674514055252075e-01 9.695328772068023682e-03 1.370000000000000000e+02
6.932774782180786133e-01 -5.899001359939575195e-01 1.351613700389862061e-01 9.695328772068023682e-03 1.380000000000000000e+02
6.923522949218750000e-01 -5.896843075752258301e-01 1.351796984672546387e-01 1.020317338407039642e-02 1.390000000000000000e+02
6.929914355278015137e-01 -5.900429487228393555e-01 1.354783326387405396e-01 9.695328772068023682e-03 1.400000000000000000e+02
6.935420632362365723e-01 -5.902318358421325684e-01 1.352777928113937378e-01 9.695328772068023682e-03 1.410000000000000000e+02
6.929023265838623047e-01 -5.899645090103149414e-01 1.354263871908187866e-01 9.695328772068023682e-03 1.420000000000000000e+02
6.931862235069274902e-01 -5.900894999504089355e-01 1.354966759681701660e-01 9.778244420886039734e-03 1.430000000000000000e+02
6.929383873939514160e-01 -5.902857184410095215e-01 1.357915699481964111e-01 9.695328772068023682e-03 1.440000000000000000e+02
6.932931542396545410e-01 -5.902562141418457031e-01 1.351020038127899170e-01 9.695328772068023682e-03 1.450000000000000000e+02
6.932691335678100586e-01 -5.901616811752319336e-01 1.352842003107070923e-01 9.695328772068023682e-03 1.460000000000000000e+02
6.930541992187500000e-01 -5.905267000198364258e-01 1.354017257690429688e-01 4.879486560821533203e-02 1.470000000000000000e+02
6.928713917732238770e-01 -5.899884700775146484e-01 1.352053135633468628e-01 1.685137748718261719e-01 1.480000000000000000e+02
6.930460333824157715e-01 -5.901362895965576172e-01 1.350319534540176392e-01 2.973634898662567139e-01 1.490000000000000000e+02
6.936579942703247070e-01 -5.904414653778076172e-01 1.350840032100677490e-01 4.272273182868957520e-01 1.500000000000000000e+02
6.935837864875793457e-01 -5.900034308433532715e-01 1.354315429925918579e-01 5.487560629844665527e-01 1.510000000000000000e+02
6.935925483703613281e-01 -5.904452800750732422e-01 1.347819566726684570e-01 6.704834103584289551e-01 1.520000000000000000e+02
6.917752623558044434e-01 -5.910975933074951172e-01 1.340555548667907715e-01 7.804624438285827637e-01 1.530000000000000000e+02
6.911648511886596680e-01 -5.916814804077148438e-01 1.336447447538375854e-01 7.903843522071838379e-01 1.540000000000000000e+02
6.917887330055236816e-01 -5.914958119392395020e-01 1.342888325452804565e-01 7.906602025032043457e-01 1.550000000000000000e+02
6.907654404640197754e-01 -5.916061997413635254e-01 1.341779530048370361e-01 7.902079224586486816e-01 1.560000000000000000e+02
6.913043856620788574e-01 -5.917097926139831543e-01 1.341374814510345459e-01 7.903473377227783203e-01 1.570000000000000000e+02
6.912611722946166992e-01 -5.912933349609375000e-01 1.341688930988311768e-01 7.901549935340881348e-01 1.580000000000000000e+02
6.908631324768066406e-01 -5.914591550827026367e-01 1.338315010070800781e-01 7.898850440979003906e-01 1.590000000000000000e+02
6.914640665054321289e-01 -5.913335084915161133e-01 1.341151297092437744e-01 7.899799346923828125e-01 1.600000000000000000e+02
6.917729377746582031e-01 -5.917593240737915039e-01 1.343096792697906494e-01 7.904250025749206543e-01 1.610000000000000000e+02
6.908781528472900391e-01 -5.934897065162658691e-01 1.349837929010391235e-01 7.902806401252746582e-01 1.620000000000000000e+02
6.881158947944641113e-01 -5.979295372962951660e-01 1.357558667659759521e-01 7.903418540954589844e-01 1.630000000000000000e+02
6.853270530700683594e-01 -6.030080318450927734e-01 1.365093141794204712e-01 7.896583080291748047e-01 1.640000000000000000e+02
6.830615997314453125e-01 -6.067202687263488770e-01 1.363785117864608765e-01 7.902875542640686035e-01 1.650000000000000000e+02
6.811058521270751953e-01 -6.100116372108459473e-01 1.371262073516845703e-01 7.908516526222229004e-01 1.660000000000000000e+02
6.816278100013732910e-01 -6.143634915351867676e-01 1.375655978918075562e-01 7.909364104270935059e-01 1.670000000000000000e+02
6.807956099510192871e-01 -6.187540292739868164e-01 1.349849253892898560e-01 7.902941107749938965e-01 1.680000000000000000e+02
6.810176372528076172e-01 -6.222837567329406738e-01 1.331252008676528931e-01 7.900787591934204102e-01 1.690000000000000000e+02
6.795672774314880371e-01 -6.253839135169982910e-01 1.335735023021697998e-01 7.896917462348937988e-01 1.700000000000000000e+02
6.774235963821411133e-01 -6.278128027915954590e-01 1.344918757677078247e-01 7.901067137718200684e-01 1.710000000000000000e+02
6.757944822311401367e-01 -6.299335360527038574e-01 1.355853676795959473e-01 7.901343107223510742e-01 1.720000000000000000e+02
6.750735640525817871e-01 -6.329401731491088867e-01 1.366453170776367188e-01 7.904585003852844238e-01 1.730000000000000000e+02
6.757341027259826660e-01 -6.373148560523986816e-01 1.368208825588226318e-01 7.895457148551940918e-01 1.740000000000000000e+02
6.740859746932983398e-01 -6.418626308441162109e-01 1.336713433265686035e-01 7.899035811424255371e-01 1.750000000000000000e+02
6.711801886558532715e-01 -6.480259895324707031e-01 1.326724886894226074e-01 7.907085418701171875e-01 1.760000000000000000e+02
6.677588224411010742e-01 -6.520121097564697266e-01 1.338341832160949707e-01 7.903380393981933594e-01 1.770000000000000000e+02
6.648170948028564453e-01 -6.549038290977478027e-01 1.333439052104949951e-01 7.899887561798095703e-01 1.780000000000000000e+02
6.629206538200378418e-01 -6.576302647590637207e-01 1.341726481914520264e-01 7.903834581375122070e-01 1.790000000000000000e+02
6.613556742668151855e-01 -6.606123447418212891e-01 1.362934410572052002e-01 7.898920178413391113e-01 1.800000000000000000e+02
6.599241495132446289e-01 -6.627829074859619141e-01 1.377749443054199219e-01 7.912629246711730957e-01 1.810000000000000000e+02
6.575112938880920410e-01 -6.650399565696716309e-01 1.377608180046081543e-01 7.900145649909973145e-01 1.820000000000000000e+02
6.563687920570373535e-01 -6.667404174804687500e-01 1.374282091856002808e-01 7.904646992683410645e-01 1.830000000000000000e+02
6.557162404060363770e-01 -6.682204604148864746e-01 1.391228139400482178e-01 7.896763086318969727e-01 1.840000000000000000e+02
6.555513143539428711e-01 -6.713448166847229004e-01 1.404516845941543579e-01 7.892815470695495605e-01 1.850000000000000000e+02
6.557465195655822754e-01 -6.754974126815795898e-01 1.406276077032089233e-01 8.000525832176208496e-01 1.860000000000000000e+02
6.532725691795349121e-01 -6.790456771850585938e-01 1.381511986255645752e-01 8.399628400802612305e-01 1.870000000000000000e+02
6.501199603080749512e-01 -6.832613945007324219e-01 1.370246857404708862e-01 8.412722349166870117e-01 1.880000000000000000e+02
6.461263298988342285e-01 -6.864321231842041016e-01 1.370046585798263550e-01 8.395645022392272949e-01 1.890000000000000000e+02
6.433669924736022949e-01 -6.886696815490722656e-01 1.380024552345275879e-01 8.398001194000244141e-01 1.900000000000000000e+02
6.427240371704101562e-01 -6.901884675025939941e-01 1.390969306230545044e-01 8.398262858390808105e-01 1.910000000000000000e+02
6.409512162208557129e-01 -6.926237344741821289e-01 1.406361609697341919e-01 8.398406505584716797e-01 1.920000000000000000e+02
6.383454799652099609e-01 -6.951525211334228516e-01 1.416408419609069824e-01 8.403044342994689941e-01 1.930000000000000000e+02
6.361289620399475098e-01 -6.979680061340332031e-01 1.435530781745910645e-01 8.403428792953491211e-01 1.940000000000000000e+02
6.342554688453674316e-01 -7.005253434181213379e-01 1.455590724945068359e-01 8.391808271408081055e-01 1.950000000000000000e+02
6.328439116477966309e-01 -7.018446326255798340e-01 1.458319425582885742e-01 8.401036262512207031e-01 1.960000000000000000e+02
6.320779919624328613e-01 -7.027907967567443848e-01 1.461535394191741943e-01 8.402254581451416016e-01 1.970000000000000000e+02
6.316452622413635254e-01 -7.035354971885681152e-01 1.459445059299468994e-01 8.399308919906616211e-01 1.980000000000000000e+02
6.310371756553649902e-01 -7.036447525024414062e-01 1.455204933881759644e-01 8.399921655654907227e-01 1.990000000000000000e+02
6.309282183647155762e-01 -7.035374641418457031e-01 1.452100872993469238e-01 8.407866954803466797e-01 2.000000000000000000e+02
6.308227777481079102e-01 -7.033711671829223633e-01 1.446860432624816895e-01 8.407773375511169434e-01 2.010000000000000000e+02
6.312385201454162598e-01 -7.036606669425964355e-01 1.445217132568359375e-01 8.399703502655029297e-01 2.020000000000000000e+02
6.313467025756835938e-01 -7.032385468482971191e-01 1.444036662578582764e-01 8.408231139183044434e-01 2.030000000000000000e+02
6.312320232391357422e-01 -7.036054134368896484e-01 1.445913016796112061e-01 8.397993445396423340e-01 2.040000000000000000e+02
6.308642029762268066e-01 -7.035673856735229492e-01 1.448765993118286133e-01 8.408159017562866211e-01 2.050000000000000000e+02
6.311192512512207031e-01 -7.032810449600219727e-01 1.446552574634552002e-01 8.404641747474670410e-01 2.060000000000000000e+02
6.312525272369384766e-01 -7.034096717834472656e-01 1.448229551315307617e-01 8.405968546867370605e-01 2.070000000000000000e+02
6.311256289482116699e-01 -7.036943435668945312e-01 1.449342668056488037e-01 8.399475812911987305e-01 2.080000000000000000e+02
6.310237646102905273e-01 -7.034584879875183105e-01 1.447659581899642944e-01 8.405488729476928711e-01 2.090000000000000000e+02
6.312084794044494629e-01 -7.034061551094055176e-01 1.445760130882263184e-01 8.399732112884521484e-01 2.100000000000000000e+02
6.310294270515441895e-01 -7.032898068428039551e-01 1.446855217218399048e-01 8.402361869812011719e-01 2.110000000000000000e+02
6.317095160484313965e-01 -7.032374739646911621e-01 1.449746191501617432e-01 8.399411439895629883e-01 2.120000000000000000e+02
6.311299800872802734e-01 -7.034847736358642578e-01 1.446104347705841064e-01 8.402981758117675781e-01 2.130000000000000000e+02
6.310195922851562500e-01 -7.033180594444274902e-01 1.445569843053817749e-01 8.401107192039489746e-01 2.140000000000000000e+02
6.312911510467529297e-01 -7.035346627235412598e-01 1.447456032037734985e-01 8.398774862289428711e-01 2.150000000000000000e+02
6.313472390174865723e-01 -7.033651471138000488e-01 1.451462507247924805e-01 8.377585411071777344e-01 2.160000000000000000e+02
6.304792761802673340e-01 -7.036544084548950195e-01 1.447717249393463135e-01 7.978274226188659668e-01 2.170000000000000000e+02
6.307555437088012695e-01 -7.033064365386962891e-01 1.452590078115463257e-01 6.875039339065551758e-01 2.180000000000000000e+02
6.309012174606323242e-01 -7.034914493560791016e-01 1.452534198760986328e-01 5.770042538642883301e-01 2.190000000000000000e+02
6.309499740600585938e-01 -7.033410072326660156e-01 1.454912126064300537e-01 4.667465686798095703e-01 2.200000000000000000e+02
6.317250132560729980e-01 -7.035499215126037598e-01 1.452227234840393066e-01 3.471004664897918701e-01 2.210000000000000000e+02
6.309142708778381348e-01 -7.038218379020690918e-01 1.453595608472824097e-01 2.262469530105590820e-01 2.220000000000000000e+02
6.313058137893676758e-01 -7.037565708160400391e-01 1.451189965009689331e-01 1.219924092292785645e-01 2.230000000000000000e+02
6.313133835792541504e-01 -7.036192417144775391e-01 1.453270912170410156e-01 9.695328772068023682e-03 2.240000000000000000e+02
6.301413178443908691e-01 -7.037549018859863281e-01 1.453002095222473145e-01 9.695328772068023682e-03 2.250000000000000000e+02
6.311646699905395508e-01 -7.036519646644592285e-01 1.453580260276794434e-01 9.695328772068023682e-03 2.260000000000000000e+02
6.311659216880798340e-01 -7.038062214851379395e-01 1.450991332530975342e-01 1.056879945099353790e-02 2.270000000000000000e+02
6.311950087547302246e-01 -7.039311528205871582e-01 1.469384133815765381e-01 9.768188931047916412e-03 2.280000000000000000e+02
6.286917328834533691e-01 -7.060074806213378906e-01 1.556271314620971680e-01 9.807431139051914215e-03 2.290000000000000000e+02
6.256927251815795898e-01 -7.088950872421264648e-01 1.748545467853546143e-01 9.968434460461139679e-03 2.300000000000000000e+02
6.211110949516296387e-01 -7.118215560913085938e-01 1.980462670326232910e-01 9.695328772068023682e-03 2.310000000000000000e+02
6.148921251296997070e-01 -7.150771021842956543e-01 2.261247336864471436e-01 1.012649200856685638e-02 2.320000000000000000e+02
6.076467037200927734e-01 -7.183842658996582031e-01 2.552374303340911865e-01 9.760732762515544891e-03 2.330000000000000000e+02
6.017547249794006348e-01 -7.194653749465942383e-01 2.810025513172149658e-01 9.704960510134696960e-03 2.340000000000000000e+02
5.977587103843688965e-01 -7.155222892761230469e-01 3.036937117576599121e-01 9.695328772068023682e-03 2.350000000000000000e+02
5.951142311096191406e-01 -7.054121494293212891e-01 3.317700624465942383e-01 9.881750680506229401e-03 2.360000000000000000e+02
5.932924747467041016e-01 -6.899399161338806152e-01 3.699908256530761719e-01 1.020314637571573257e-02 2.370000000000000000e+02
5.958187580108642578e-01 -6.731147170066833496e-01 4.060129523277282715e-01 9.837201796472072601e-03 2.380000000000000000e+02
6.027846932411193848e-01 -6.579400300979614258e-01 4.246755242347717285e-01 9.761422872543334961e-03 2.390000000000000000e+02
6.187849044799804688e-01 -6.430189013481140137e-01 4.247533679008483887e-01 9.857392869889736176e-03 2.400000000000000000e+02
6.400613784790039062e-01 -6.248612999916076660e-01 4.125128388404846191e-01 1.003405079245567322e-02 2.410000000000000000e+02
6.648520231246948242e-01 -6.052104830741882324e-01 3.926526904106140137e-01 9.695328772068023682e-03 2.420000000000000000e+02
6.858471632003784180e-01 -5.910563468933105469e-01 3.635089993476867676e-01 9.695328772068023682e-03 2.430000000000000000e+02
6.987851858139038086e-01 -5.854294300079345703e-01 3.317064642906188965e-01 1.006934046745300293e-02 2.440000000000000000e+02
7.027552127838134766e-01 -5.870383977890014648e-01 3.076979815959930420e-01 9.695328772068023682e-03 2.450000000000000000e+02
7.036820650100708008e-01 -5.886217355728149414e-01 2.894122004508972168e-01 9.695328772068023682e-03 2.460000000000000000e+02
7.072831392288208008e-01 -5.888351202011108398e-01 2.727276682853698730e-01 9.913563728332519531e-03 2.470000000000000000e+02
7.112305760383605957e-01 -5.861762166023254395e-01 2.587230205535888672e-01 1.003102585673332214e-02 2.480000000000000000e+02
7.143251895904541016e-01 -5.833944678306579590e-01 2.461871355772018433e-01 1.000616420060396194e-02 2.490000000000000000e+02
7.184143662452697754e-01 -5.795458555221557617e-01 2.319265902042388916e-01 9.695328772068023682e-03 2.500000000000000000e+02
7.233820557594299316e-01 -5.743981003761291504e-01 2.159062474966049194e-01 9.695328772068023682e-03 2.510000000000000000e+02
7.260466814041137695e-01 -5.712364315986633301e-01 2.039511054754257202e-01 9.927839040756225586e-03 2.520000000000000000e+02
7.267627120018005371e-01 -5.717759728431701660e-01 1.994434595108032227e-01 9.789627976715564728e-03 2.530000000000000000e+02
7.264971137046813965e-01 -5.719892978668212891e-01 1.992813050746917725e-01 9.695328772068023682e-03 2.540000000000000000e+02
7.270466089248657227e-01 -5.715532302856445312e-01 1.964232027530670166e-01 9.695328772068023682e-03 2.550000000000000000e+02
7.252030372619628906e-01 -5.730104446411132812e-01 1.894338726997375488e-01 9.695328772068023682e-03 2.560000000000000000e+02
7.233374118804931641e-01 -5.759055614471435547e-01 1.826211512088775635e-01 1.035311166197061539e-02 2.570000000000000000e+02
7.221276164054870605e-01 -5.771061182022094727e-01 1.783818602561950684e-01 9.695328772068023682e-03 2.580000000000000000e+02
7.219057679176330566e-01 -5.769000053405761719e-01 1.763761937618255615e-01 9.695328772068023682e-03 2.590000000000000000e+02
7.220062017440795898e-01 -5.767458677291870117e-01 1.768087446689605713e-01 9.695328772068023682e-03 2.600000000000000000e+02
7.222224473953247070e-01 -5.766842365264892578e-01 1.764983981847763062e-01 1.006652787327766418e-02 2.610000000000000000e+02
7.221543192863464355e-01 -5.768958330154418945e-01 1.770734190940856934e-01 9.695328772068023682e-03 2.620000000000000000e+02
7.218120694160461426e-01 -5.767121315002441406e-01 1.773191094398498535e-01 9.780314750969409943e-03 2.630000000000000000e+02
7.215141057968139648e-01 -5.769560337066650391e-01 1.779804229736328125e-01 9.793607518076896667e-03 2.640000000000000000e+02
7.221025824546813965e-01 -5.766545534133911133e-01 1.775933802127838135e-01 1.066392101347446442e-02 2.650000000000000000e+02
7.217481136322021484e-01 -5.771213769912719727e-01 1.772866845130920410e-01 1.002173963934183121e-02 2.660000000000000000e+02
7.218486070632934570e-01 -5.770696401596069336e-01 1.780638992786407471e-01 9.919798932969570160e-03 2.670000000000000000e+02
7.213709354400634766e-01 -5.767636299133300781e-01 1.771734654903411865e-01 9.695328772068023682e-03 2.680000000000000000e+02
7.221094965934753418e-01 -5.768286585807800293e-01 1.776163280010223389e-01 9.960129857063293457e-03 2.690000000000000000e+02
7.215061187744140625e-01 -5.769602656364440918e-01 1.778126657009124756e-01 5.074680224061012268e-02 2.700000000000000000e+02
7.220908999443054199e-01 -5.771159529685974121e-01 1.783449798822402954e-01 1.620476543903350830e-01 2.710000000000000000e+02
7.224476337432861328e-01 -5.769355893135070801e-01 1.782596707344055176e-01 3.013742566108703613e-01 2.720000000000000000e+02
7.219175100326538086e-01 -5.774012804031372070e-01 1.780944168567657471e-01 4.222868978977203369e-01 2.730000000000000000e+02
7.218118906021118164e-01 -5.767760276794433594e-01 1.784813255071640015e-01 5.405772924423217773e-01 2.740000000000000000e+02
7.213560938835144043e-01 -5.770612359046936035e-01 1.782030463218688965e-01 7.924780845642089844e-01 2.750000000000000000e+02
7.218908667564392090e-01 -5.768317580223083496e-01 1.785589754581451416e-01 8.503934741020202637e-01 2.760000000000000000e+02
7.217968702316284180e-01 -5.772569179534912109e-01 1.812807023525238037e-01 8.511577248573303223e-01 2.770000000000000000e+02
7.224620580673217773e-01 -5.771146416664123535e-01 1.810342371463775635e-01 8.503636717796325684e-01 2.780000000000000000e+02
7.218715548515319824e-01 -5.768208503723144531e-01 1.805632114410400391e-01 8.505787253379821777e-01 2.790000000000000000e+02
7.217564582824707031e-01 -5.770494937896728516e-01 1.806514263153076172e-01 8.500369191169738770e-01 2.800000000000000000e+02
7.224639058113098145e-01 -5.768281221389770508e-01 1.805834472179412842e-01 8.505153656005859375e-01 2.810000000000000000e+02
7.220478653907775879e-01 -5.769194364547729492e-01 1.812622696161270142e-01 8.506071567535400391e-01 2.820000000000000000e+02
7.218758463859558105e-01 -5.770511627197265625e-01 1.804790943861007690e-01 8.509067296981811523e-01 2.830000000000000000e+02
7.218281626701354980e-01 -5.767918825149536133e-01 1.843641400337219238e-01 8.497858047485351562e-01 2.840000000000000000e+02
7.218850255012512207e-01 -5.769657492637634277e-01 2.039193809032440186e-01 8.502383232116699219e-01 2.850000000000000000e+02
7.199973464012145996e-01 -5.756926536560058594e-01 2.361416071653366089e-01 8.493292331695556641e-01 2.860000000000000000e+02
7.162563800811767578e-01 -5.775064229965209961e-01 2.657911777496337891e-01 8.513782620429992676e-01 2.870000000000000000e+02
7.063462734222412109e-01 -5.829390287399291992e-01 2.927216589450836182e-01 8.496918082237243652e-01 2.880000000000000000e+02
6.910379528999328613e-01 -5.930744409561157227e-01 3.284450769424438477e-01 8.501923680305480957e-01 2.890000000000000000e+02
6.660433411598205566e-01 -6.076575517654418945e-01 3.769514560699462891e-01 8.497551679611206055e-01 2.900000000000000000e+02
6.270070672035217285e-01 -6.247136592864990234e-01 4.286935329437255859e-01 8.494080305099487305e-01 2.910000000000000000e+02
5.743454694747924805e-01 -6.411595344543457031e-01 4.741958975791931152e-01 8.497470617294311523e-01 2.920000000000000000e+02
5.224045515060424805e-01 -6.523954272270202637e-01 5.105177164077758789e-01 8.497775197029113770e-01 2.930000000000000000e+02
4.757487177848815918e-01 -6.554059386253356934e-01 5.332349538803100586e-01 8.502091765403747559e-01 2.940000000000000000e+02
4.306578636169433594e-01 -6.538965106010437012e-01 5.435839295387268066e-01 8.502641320228576660e-01 2.950000000000000000e+02
3.810491263866424561e-01 -6.532037854194641113e-01 5.517362952232360840e-01 8.506296277046203613e-01 2.960000000000000000e+02
3.351206183433532715e-01 -6.476663351058959961e-01 5.592117309570312500e-01 8.500337004661560059e-01 2.970000000000000000e+02
2.944754064083099365e-01 -6.407665610313415527e-01 5.644170045852661133e-01 8.502614498138427734e-01 2.980000000000000000e+02
2.601660490036010742e-01 -6.420031785964965820e-01 5.667123794555664062e-01 8.498930335044860840e-01 2.990000000000000000e+02
2.258208096027374268e-01 -6.463236212730407715e-01 5.635541081428527832e-01 8.503310680389404297e-01 3.000000000000000000e+02
1.963251233100891113e-01 -6.505792140960693359e-01 5.568478703498840332e-01 8.507605195045471191e-01 3.010000000000000000e+02
1.782157719135284424e-01 -6.545685529708862305e-01 5.471963882446289062e-01 8.501632213592529297e-01 3.020000000000000000e+02
1.704502403736114502e-01 -6.503863334655761719e-01 5.335293412208557129e-01 8.506097793579101562e-01 3.030000000000000000e+02
1.657308489084243774e-01 -6.377010345458984375e-01 5.255947113037109375e-01 8.499810099601745605e-01 3.040000000000000000e+02
1.614105850458145142e-01 -6.239848136901855469e-01 5.259916186332702637e-01 8.504413962364196777e-01 3.050000000000000000e+02
1.542735248804092407e-01 -6.118946671485900879e-01 5.351464748382568359e-01 8.502299785614013672e-01 3.060000000000000000e+02
1.488180309534072876e-01 -6.072318553924560547e-01 5.439907908439636230e-01 8.498527407646179199e-01 3.070000000000000000e+02
1.492174714803695679e-01 -6.048365831375122070e-01 5.408099293708801270e-01 8.501085638999938965e-01 3.080000000000000000e+02
1.549471020698547363e-01 -6.041766405105590820e-01 5.206858515739440918e-01 8.505997657775878906e-01 3.090000000000000000e+02
1.655157059431076050e-01 -6.015389561653137207e-01 4.947997331619262695e-01 8.504003882408142090e-01 3.100000000000000000e+02
1.793176382780075073e-01 -5.914332270622253418e-01 4.687126278877258301e-01 8.502241373062133789e-01 3.110000000000000000e+02
1.921184360980987549e-01 -5.758173465728759766e-01 4.452943205833435059e-01 8.500173687934875488e-01 3.120000000000000000e+02
2.013615965843200684e-01 -5.571290254592895508e-01 4.271905422210693359e-01 8.504723310470581055e-01 3.130000000000000000e+02
2.076549828052520752e-01 -5.363939404487609863e-01 4.091547131538391113e-01 8.501151204109191895e-01 3.140000000000000000e+02
2.105625569820404053e-01 -5.109595656394958496e-01 3.820908665657043457e-01 8.502107262611389160e-01 3.150000000000000000e+02
2.098468244075775146e-01 -4.871547520160675049e-01 3.496445417404174805e-01 8.502453565597534180e-01 3.160000000000000000e+02
2.089047431945800781e-01 -4.688656628131866455e-01 3.218376934528350830e-01 8.503580689430236816e-01 3.170000000000000000e+02
2.098517417907714844e-01 -4.503649175167083740e-01 2.958545684814453125e-01 8.506368398666381836e-01 3.180000000000000000e+02
2.102345228195190430e-01 -4.283537268638610840e-01 2.694112062454223633e-01 8.504583239555358887e-01 3.190000000000000000e+02
2.102184295654296875e-01 -4.093458354473114014e-01 2.479843646287918091e-01 8.493374586105346680e-01 3.200000000000000000e+02
2.114964127540588379e-01 -3.916432857513427734e-01 2.297063767910003662e-01 8.506250977516174316e-01 3.210000000000000000e+02
2.119032740592956543e-01 -3.765221238136291504e-01 2.147464752197265625e-01 8.496373891830444336e-01 3.220000000000000000e+02
2.123851478099822998e-01 -3.636979460716247559e-01 2.031343281269073486e-01 8.492973446846008301e-01 3.230000000000000000e+02
2.114672064781188965e-01 -3.543001711368560791e-01 1.948929131031036377e-01 8.503378629684448242e-01 3.240000000000000000e+02
2.111260592937469482e-01 -3.491992652416229248e-01 1.905423998832702637e-01 8.502653241157531738e-01 3.250000000000000000e+02
2.107425928115844727e-01 -3.473330438137054443e-01 1.885410994291305542e-01 8.500987291336059570e-01 3.260000000000000000e+02
2.105081975460052490e-01 -3.454258441925048828e-01 1.866908222436904907e-01 8.494589924812316895e-01 3.270000000000000000e+02
2.107926309108734131e-01 -3.431190252304077148e-01 1.849034428596496582e-01 8.498455882072448730e-01 3.280000000000000000e+02
2.102014720439910889e-01 -3.431190252304077148e-01 1.843750774860382080e-01 8.497229814529418945e-01 3.290000000000000000e+02
2.098670601844787598e-01 -3.431190252304077148e-01 1.834494471549987793e-01 8.502769470214843750e-01 3.300000000000000000e+02
2.108713686466217041e-01 -3.431896865367889404e-01 1.809859871864318848e-01 8.499811887741088867e-01 3.310000000000000000e+02
2.093773186206817627e-01 -3.439953029155731201e-01 1.787002682685852051e-01 8.496114015579223633e-01 3.320000000000000000e+02
2.059323489665985107e-01 -3.459636867046356201e-01 1.760468780994415283e-01 8.503096699714660645e-01 3.330000000000000000e+02
2.039793133735656738e-01 -3.474515974521636963e-01 1.726690232753753662e-01 8.497968316078186035e-01 3.340000000000000000e+02
2.038017213344573975e-01 -3.485951125621795654e-01 1.718856096267700195e-01 8.496180176734924316e-01 3.350000000000000000e+02
2.048622965812683105e-01 -3.515267670154571533e-01 1.717962026596069336e-01 8.500050902366638184e-01 3.360000000000000000e+02
2.047795355319976807e-01 -3.521134257316589355e-01 1.669030487537384033e-01 8.501855134963989258e-01 3.370000000000000000e+02
2.053202986717224121e-01 -3.549058139324188232e-01 1.621813774108886719e-01 8.496774435043334961e-01 3.380000000000000000e+02
2.052175104618072510e-01 -3.582665920257568359e-01 1.593697071075439453e-01 8.501656055450439453e-01 3.390000000000000000e+02
2.080704867839813232e-01 -3.591147065162658691e-01 1.558383107185363770e-01 8.495758771896362305e-01 3.400000000000000000e+02
2.130620479583740234e-01 -3.577740788459777832e-01 1.543849408626556396e-01 8.505437970161437988e-01 3.410000000000000000e+02
2.175243496894836426e-01 -3.577705323696136475e-01 1.560374498367309570e-01 8.496699929237365723e-01 3.420000000000000000e+02
2.159635722637176514e-01 -3.584105968475341797e-01 1.556775718927383423e-01 8.502292037010192871e-01 3.430000000000000000e+02
2.114070355892181396e-01 -3.595229685306549072e-01 1.542442739009857178e-01 8.497133851051330566e-01 3.440000000000000000e+02
2.094594836235046387e-01 -3.597023785114288330e-01 1.543147563934326172e-01 8.499866127967834473e-01 3.450000000000000000e+02
2.091173827648162842e-01 -3.596659302711486816e-01 1.538826972246170044e-01 8.498917222023010254e-01 3.460000000000000000e+02
2.095560431480407715e-01 -3.597832918167114258e-01 1.540755629539489746e-01 8.494203686714172363e-01 3.470000000000000000e+02
2.095750272274017334e-01 -3.596530556678771973e-01 1.541455686092376709e-01 8.491337299346923828e-01 3.480000000000000000e+02
2.094817757606506348e-01 -3.597221076488494873e-01 1.541785001754760742e-01 8.496702313423156738e-01 3.490000000000000000e+02
2.091269791126251221e-01 -3.598147630691528320e-01 1.546983271837234497e-01 8.491529822349548340e-01 3.500000000000000000e+02
2.089574337005615234e-01 -3.593125939369201660e-01 1.545952558517456055e-01 8.180744051933288574e-01 3.510000000000000000e+02
2.077014148235321045e-01 -3.594886660575866699e-01 1.541093140840530396e-01 7.124080657958984375e-01 3.520000000000000000e+02
2.096892893314361572e-01 -3.594740033149719238e-01 1.538894474506378174e-01 5.921784639358520508e-01 3.530000000000000000e+02
2.092509567737579346e-01 -3.597332835197448730e-01 1.541938632726669312e-01 4.829694926738739014e-01 3.540000000000000000e+02
2.091933190822601318e-01 -3.593254983425140381e-01 1.542314291000366211e-01 2.968319654464721680e-01 3.550000000000000000e+02
2.092583775520324707e-01 -3.594892621040344238e-01 1.541717648506164551e-01 1.309158205986022949e-01 3.560000000000000000e+02
2.094008624553680420e-01 -3.594225347042083740e-01 1.544486880302429199e-01 2.094294130802154541e-02 3.570000000000000000e+02
2.094901502132415771e-01 -3.596820533275604248e-01 1.542021334171295166e-01 9.937231428921222687e-03 3.580000000000000000e+02
2.091170549392700195e-01 -3.595349788665771484e-01 1.543608903884887695e-01 1.045943051576614380e-02 3.590000000000000000e+02
2.096451222896575928e-01 -3.598555326461791992e-01 1.537069082260131836e-01 9.695328772068023682e-03 3.600000000000000000e+02
2.087826132774353027e-01 -3.594502210617065430e-01 1.538900732994079590e-01 1.016860082745552063e-02 3.610000000000000000e+02
2.097789943218231201e-01 -3.612476587295532227e-01 1.590461730957031250e-01 9.706579148769378662e-03 3.620000000000000000e+02
2.110652029514312744e-01 -3.695572912693023682e-01 1.799000799655914307e-01 9.862514212727546692e-03 3.630000000000000000e+02
2.127273976802825928e-01 -3.829666078090667725e-01 2.211501449346542358e-01 9.778749197721481323e-03 3.640000000000000000e+02
2.155551016330718994e-01 -3.926108479499816895e-01 2.722800076007843018e-01 9.695328772068023682e-03 3.650000000000000000e+02
2.275155484676361084e-01 -3.942112922668457031e-01 3.159744739532470703e-01 1.016833540052175522e-02 3.660000000000000000e+02
2.440944612026214600e-01 -3.963213860988616943e-01 3.542526960372924805e-01 9.763731621205806732e-03 3.670000000000000000e+02
2.615010738372802734e-01 -4.080179035663604736e-01 3.990944027900695801e-01 1.032984256744384766e-02 3.680000000000000000e+02
2.830643057823181152e-01 -4.218553900718688965e-01 4.378958940505981445e-01 9.778536856174468994e-03 3.690000000000000000e+02
3.124983906745910645e-01 -4.334774613380432129e-01 4.618788361549377441e-01 9.887826628983020782e-03 3.700000000000000000e+02
3.509697616100311279e-01 -4.475437402725219727e-01 4.810040593147277832e-01 9.695328772068023682e-03 3.710000000000000000e+02
3.933298289775848389e-01 -4.651544988155364990e-01 5.011326074600219727e-01 9.695328772068023682e-03 3.720000000000000000e+02
4.389276504516601562e-01 -4.820426106452941895e-01 5.137078762054443359e-01 9.916350245475769043e-03 3.730000000000000000e+02
4.858466386795043945e-01 -4.986398816108703613e-01 5.167250037193298340e-01 1.023124530911445618e-02 3.740000000000000000e+02
5.295875072479248047e-01 -5.152965188026428223e-01 5.127596855163574219e-01 9.818681515753269196e-03 3.750000000000000000e+02
5.652995109558105469e-01 -5.314354300498962402e-01 5.057979822158813477e-01 1.025560311973094940e-02 3.760000000000000000e+02
5.934841632843017578e-01 -5.458200573921203613e-01 4.975405931472778320e-01 9.695328772068023682e-03 3.770000000000000000e+02
6.146985292434692383e-01 -5.593702197074890137e-01 4.841821789741516113e-01 9.695328772068023682e-03 3.780000000000000000e+02
6.321806311607360840e-01 -5.743895769119262695e-01 4.605950713157653809e-01 9.695328772068023682e-03 3.790000000000000000e+02
6.471998095512390137e-01 -5.884695053100585938e-01 4.223297834396362305e-01 1.008276548236608505e-02 3.800000000000000000e+02
6.609642505645751953e-01 -5.964941978454589844e-01 3.743420839309692383e-01 9.723640047013759613e-03 3.810000000000000000e+02
6.703829765319824219e-01 -5.987107157707214355e-01 3.311837315559387207e-01 9.718200191855430603e-03 3.820000000000000000e+02
6.753052473068237305e-01 -5.999173521995544434e-01 3.032124042510986328e-01 9.800452739000320435e-03 3.830000000000000000e+02
6.761965155601501465e-01 -6.018756031990051270e-01 2.879997491836547852e-01 9.695328772068023682e-03 3.840000000000000000e+02
6.762862205505371094e-01 -6.035645008087158203e-01 2.756213545799255371e-01 9.695328772068023682e-03 3.850000000000000000e+02
6.755198240280151367e-01 -6.077394485473632812e-01 2.621109485626220703e-01 9.740196168422698975e-03 3.860000000000000000e+02
6.755510568618774414e-01 -6.161004900932312012e-01 2.505819797515869141e-01 9.695328772068023682e-03 3.870000000000000000e+02
6.770284175872802734e-01 -6.232942938804626465e-01 2.363771200180053711e-01 9.695328772068023682e-03 3.880000000000000000e+02
6.789361834526062012e-01 -6.270605325698852539e-01 2.204767167568206787e-01 9.695328772068023682e-03 3.890000000000000000e+02
6.795138120651245117e-01 -6.284388303756713867e-01 2.072646468877792358e-01 9.695328772068023682e-03 3.900000000000000000e+02
6.798499822616577148e-01 -6.287732124328613281e-01 2.018471956253051758e-01 9.909238666296005249e-03 3.910000000000000000e+02
6.806037425994873047e-01 -6.279672384262084961e-01 1.987616121768951416e-01 9.695328772068023682e-03 3.920000000000000000e+02
6.812371611595153809e-01 -6.272528767585754395e-01 1.921984553337097168e-01 9.912184439599514008e-03 3.930000000000000000e+02
6.817700266838073730e-01 -6.270954608917236328e-01 1.831547319889068604e-01 1.011131517589092255e-02 3.940000000000000000e+02
6.831426024436950684e-01 -6.262065172195434570e-01 1.754328608512878418e-01 9.695328772068023682e-03 3.950000000000000000e+02
6.852108240127563477e-01 -6.236561536788940430e-01 1.716744750738143921e-01 9.695328772068023682e-03 3.960000000000000000e+02
6.875550150871276855e-01 -6.208146810531616211e-01 1.714934110641479492e-01 9.806900285184383392e-03 3.970000000000000000e+02
6.890705823898315430e-01 -6.191357374191284180e-01 1.714775264263153076e-01 9.695328772068023682e-03 3.980000000000000000e+02
6.892632842063903809e-01 -6.192517876625061035e-01 1.714181452989578247e-01 9.861161001026630402e-03 3.990000000000000000e+02
6.888813376426696777e-01 -6.194162964820861816e-01 1.709851771593093872e-01 9.833831340074539185e-03 4.000000000000000000e+02
6.896155476570129395e-01 -6.193497180938720703e-01 1.711736619472503662e-01 9.695328772068023682e-03 4.010000000000000000e+02
6.891702413558959961e-01 -6.192743182182312012e-01 1.712541431188583374e-01 9.695328772068023682e-03 4.020000000000000000e+02
6.890901923179626465e-01 -6.194923520088195801e-01 1.706979274749755859e-01 9.699361398816108704e-03 4.030000000000000000e+02
6.883570551872253418e-01 -6.196595430374145508e-01 1.711322069168090820e-01 9.823669679462909698e-03 4.040000000000000000e+02
6.884584426879882812e-01 -6.197452545166015625e-01 1.706081926822662354e-01 9.813640266656875610e-03 4.050000000000000000e+02
6.882007122039794922e-01 -6.199948787689208984e-01 1.710164844989776611e-01 9.879946708679199219e-03 4.060000000000000000e+02
6.886529326438903809e-01 -6.201004981994628906e-01 1.708268523216247559e-01 9.695328772068023682e-03 4.070000000000000000e+02
6.881898641586303711e-01 -6.199917197227478027e-01 1.708824038505554199e-01 1.015305239707231522e-02 4.080000000000000000e+02
6.886669397354125977e-01 -6.198284626007080078e-01 1.709957420825958252e-01 5.119818449020385742e-02 4.090000000000000000e+02
6.883192658424377441e-01 -6.202535629272460938e-01 1.708519160747528076e-01 1.622254550457000732e-01 4.100000000000000000e+02
6.886861324310302734e-01 -6.201161146163940430e-01 1.707662045955657959e-01 2.905426621437072754e-01 4.110000000000000000e+02
6.882296204566955566e-01 -6.202149391174316406e-01 1.709907650947570801e-01 4.121314585208892822e-01 4.120000000000000000e+02
6.883348822593688965e-01 -6.204000115394592285e-01 1.705610752105712891e-01 5.425975918769836426e-01 4.130000000000000000e+02
6.880620718002319336e-01 -6.202946901321411133e-01 1.714361310005187988e-01 6.700431108474731445e-01 4.140000000000000000e+02
6.875190734863281250e-01 -6.207676529884338379e-01 1.707565933465957642e-01 8.203402757644653320e-01 4.150000000000000000e+02
6.875697970390319824e-01 -6.211966872215270996e-01 1.708539724349975586e-01 8.201130032539367676e-01 4.160000000000000000e+02
6.878157854080200195e-01 -6.212263107299804688e-01 1.710175275802612305e-01 8.197442293167114258e-01 4.170000000000000000e+02
6.875976920127868652e-01 -6.211053729057312012e-01 1.711846292018890381e-01 8.196913599967956543e-01 4.180000000000000000e+02
6.874588131904602051e-01 -6.212531328201293945e-01 1.710964888334274292e-01 8.199058771133422852e-01 4.190000000000000000e+02
6.874427199363708496e-01 -6.211525797843933105e-01 1.721556931734085083e-01 8.201946616172790527e-01 4.200000000000000000e+02
6.865308880805969238e-01 -6.215060353279113770e-01 1.791461408138275146e-01 8.202567696571350098e-01 4.210000000000000000e+02
6.840087175369262695e-01 -6.239516735076904297e-01 1.972540915012359619e-01 8.202167153358459473e-01 4.220000000000000000e+02
6.813051700592041016e-01 -6.256182193756103516e-01 2.192224264144897461e-01 8.202975392341613770e-01 4.230000000000000000e+02
6.789886355400085449e-01 -6.263419389724731445e-01 2.392351180315017700e-01 8.499804139137268066e-01 4.240000000000000000e+02
6.773582696914672852e-01 -6.251938343048095703e-01 2.589643895626068115e-01 8.503149747848510742e-01 4.250000000000000000e+02
6.742881536483764648e-01 -6.235646009445190430e-01 2.825056314468383789e-01 8.498169779777526855e-01 4.260000000000000000e+02
6.688716411590576172e-01 -6.230453252792358398e-01 3.139960765838623047e-01 8.500437140464782715e-01 4.270000000000000000e+02
6.608544588088989258e-01 -6.224726438522338867e-01 3.516868352890014648e-01 8.504296541213989258e-01 4.280000000000000000e+02
6.455003023147583008e-01 -6.249032020568847656e-01 3.928148150444030762e-01 8.499145507812500000e-01 4.290000000000000000e+02
6.181074976921081543e-01 -6.319002509117126465e-01 4.361482858657836914e-01 8.496205210685729980e-01 4.300000000000000000e+02
5.776101946830749512e-01 -6.411429643630981445e-01 4.761987328529357910e-01 8.499926328659057617e-01 4.310000000000000000e+02
5.313957333564758301e-01 -6.513640284538269043e-01 5.111775994300842285e-01 8.500469923019409180e-01 4.320000000000000000e+02
4.857358932495117188e-01 -6.549201011657714844e-01 5.442606806755065918e-01 8.502244353294372559e-01 4.330000000000000000e+02
4.423637390136718750e-01 -6.522415280342102051e-01 5.728006362915039062e-01 8.500135540962219238e-01 4.340000000000000000e+02
4.008372724056243896e-01 -6.467363834381103516e-01 5.884242057800292969e-01 8.505380749702453613e-01 4.350000000000000000e+02
3.592136204242706299e-01 -6.433398127555847168e-01 5.899807214736938477e-01 8.493362069129943848e-01 4.360000000000000000e+02
3.188531696796417236e-01 -6.430156826972961426e-01 5.832110643386840820e-01 8.506934046745300293e-01 4.370000000000000000e+02
2.793084383010864258e-01 -6.441736817359924316e-01 5.729872584342956543e-01 8.503714799880981445e-01 4.380000000000000000e+02
2.425449788570404053e-01 -6.406786441802978516e-01 5.582607984542846680e-01 8.503345251083374023e-01 4.390000000000000000e+02
2.127190232276916504e-01 -6.396087408065795898e-01 5.434267520904541016e-01 8.504384756088256836e-01 4.400000000000000000e+02
1.992600858211517334e-01 -6.436551213264465332e-01 5.267290472984313965e-01 8.509367108345031738e-01 4.410000000000000000e+02
1.966996788978576660e-01 -6.469628810882568359e-01 5.023562908172607422e-01 8.508620262145996094e-01 4.420000000000000000e+02
1.981223821640014648e-01 -6.551665663719177246e-01 4.708849191665649414e-01 8.507901430130004883e-01 4.430000000000000000e+02
2.005166113376617432e-01 -6.643739938735961914e-01 4.333320856094360352e-01 8.506937026977539062e-01 4.440000000000000000e+02
2.018398642539978027e-01 -6.718160510063171387e-01 3.927429914474487305e-01 8.502553105354309082e-01 4.450000000000000000e+02
2.023272216320037842e-01 -6.764757037162780762e-01 3.532626032829284668e-01 8.508713245391845703e-01 4.460000000000000000e+02
2.047243118286132812e-01 -6.770941019058227539e-01 3.189121484756469727e-01 8.500822186470031738e-01 4.470000000000000000e+02
2.068792879581451416e-01 -6.745169758796691895e-01 2.880593538284301758e-01 8.502734899520874023e-01 4.480000000000000000e+02
2.065214216709136963e-01 -6.722811460494995117e-01 2.654325366020202637e-01 8.501181006431579590e-01 4.490000000000000000e+02
2.062310874462127686e-01 -6.680930256843566895e-01 2.476058304309844971e-01 8.504053354263305664e-01 4.500000000000000000e+02
2.058207094669342041e-01 -6.626577377319335938e-01 2.316224128007888794e-01 8.503334522247314453e-01 4.510000000000000000e+02
2.048307955265045166e-01 -6.582869887351989746e-01 2.194564640522003174e-01 8.506938815116882324e-01 4.520000000000000000e+02
2.032960355281829834e-01 -6.542615294456481934e-01 2.094940245151519775e-01 8.499857187271118164e-01 4.530000000000000000e+02
2.029799818992614746e-01 -6.488234400749206543e-01 1.999217569828033447e-01 8.503934144973754883e-01 4.540000000000000000e+02
2.028281390666961670e-01 -6.434613466262817383e-01 1.922148168087005615e-01 8.503155708312988281e-01 4.550000000000000000e+02
2.012770771980285645e-01 -6.415500640869140625e-01 1.897608488798141479e-01 8.500551581382751465e-01 4.560000000000000000e+02
1.980071663856506348e-01 -6.433421969413757324e-01 1.886841207742691040e-01 8.500282168388366699e-01 4.570000000000000000e+02
1.941646039485931396e-01 -6.442660093307495117e-01 1.859266608953475952e-01 8.496846556663513184e-01 4.580000000000000000e+02
1.935831904411315918e-01 -6.444674730300903320e-01 1.804612874984741211e-01 8.502132892608642578e-01 4.590000000000000000e+02
1.935642063617706299e-01 -6.448956131935119629e-01 1.749403476715087891e-01 8.504660129547119141e-01 4.600000000000000000e+02
1.941455602645874023e-01 -6.448848843574523926e-01 1.712395846843719482e-01 8.497886657714843750e-01 4.610000000000000000e+02
1.936578154563903809e-01 -6.448428034782409668e-01 1.711961030960083008e-01 8.503844141960144043e-01 4.620000000000000000e+02
1.936765313148498535e-01 -6.448746323585510254e-01 1.718641221523284912e-01 8.507761359214782715e-01 4.630000000000000000e+02
1.935889124870300293e-01 -6.444087028503417969e-01 1.714287996292114258e-01 8.497377634048461914e-01 4.640000000000000000e+02
1.937214732170104980e-01 -6.444024443626403809e-01 1.712161004543304443e-01 8.499869108200073242e-01 4.650000000000000000e+02
1.931654512882232666e-01 -6.447889804840087891e-01 1.713260412216186523e-01 8.500751852989196777e-01 4.660000000000000000e+02
1.932220160961151123e-01 -6.445406675338745117e-01 1.710657179355621338e-01 8.504342436790466309e-01 4.670000000000000000e+02
1.932032406330108643e-01 -6.445016264915466309e-01 1.712175309658050537e-01 8.493840694427490234e-01 4.680000000000000000e+02
1.931777298450469971e-01 -6.446304917335510254e-01 1.712429523468017578e-01 8.495665192604064941e-01 4.690000000000000000e+02
1.932758986949920654e-01 -6.447197794914245605e-01 1.712242066860198975e-01 8.497189283370971680e-01 4.700000000000000000e+02
1.933880746364593506e-01 -6.447120904922485352e-01 1.712226569652557373e-01 8.507921099662780762e-01 4.710000000000000000e+02
1.941539347171783447e-01 -6.445075273513793945e-01 1.713404059410095215e-01 8.499464392662048340e-01 4.720000000000000000e+02
1.941742599010467529e-01 -6.443681120872497559e-01 1.712603867053985596e-01 8.504592180252075195e-01 4.730000000000000000e+02
1.930270791053771973e-01 -6.446678042411804199e-01 1.713676750659942627e-01 8.206245899200439453e-01 4.740000000000000000e+02
1.934816837310791016e-01 -6.445822119712829590e-01 1.714884638786315918e-01 7.111815810203552246e-01 4.750000000000000000e+02
1.936664283275604248e-01 -6.444640159606933594e-01 1.717391610145568848e-01 5.926464796066284180e-01 4.760000000000000000e+02
1.935961246490478516e-01 -6.444798111915588379e-01 1.711980402469635010e-01 4.719391167163848877e-01 4.770000000000000000e+02
1.934316456317901611e-01 -6.444001197814941406e-01 1.715100407600402832e-01 3.510532677173614502e-01 4.780000000000000000e+02
1.938775181770324707e-01 -6.447038650512695312e-01 1.715455949306488037e-01 2.410874962806701660e-01 4.790000000000000000e+02
1.939747929573059082e-01 -6.447687149047851562e-01 1.714433431625366211e-01 1.264802515506744385e-01 4.800000000000000000e+02
1.942047178745269775e-01 -6.449842453002929688e-01 1.710523068904876709e-01 9.695328772068023682e-03 4.810000000000000000e+02
1.928109228610992432e-01 -6.449434757232666016e-01 1.711967885494232178e-01 9.695328772068023682e-03 4.820000000000000000e+02
1.938175559043884277e-01 -6.448642611503601074e-01 1.717651188373565674e-01 9.695328772068023682e-03 4.830000000000000000e+02
1.932325959205627441e-01 -6.450827121734619141e-01 1.717425733804702759e-01 9.695328772068023682e-03 4.840000000000000000e+02
1.933089792728424072e-01 -6.449843645095825195e-01 1.712967604398727417e-01 1.028582360595464706e-02 4.850000000000000000e+02
1.931547522544860840e-01 -6.447708606719970703e-01 1.718571484088897705e-01 9.695328772068023682e-03 4.860000000000000000e+02
1.936215758323669434e-01 -6.450963020324707031e-01 1.715493500232696533e-01 9.695328772068023682e-03 4.870000000000000000e+02
1.936197578907012939e-01 -6.451250910758972168e-01 1.713609397411346436e-01 9.695328772068023682e-03 4.880000000000000000e+02
1.933256089687347412e-01 -6.447926759719848633e-01 1.716332733631134033e-01 9.695328772068023682e-03 4.890000000000000000e+02
1.932841241359710693e-01 -6.450578570365905762e-01 1.715282350778579712e-01 9.695328772068023682e-03 4.900000000000000000e+02
1.929080188274383545e-01 -6.449761390686035156e-01 1.714331209659576416e-01 9.896158240735530853e-03 4.910000000000000000e+02
1.941084861755371094e-01 -6.448657512664794922e-01 1.715289950370788574e-01 9.812924079596996307e-03 4.920000000000000000e+02
1.933014392852783203e-01 -6.448242664337158203e-01 1.721192598342895508e-01 9.695328772068023682e-03 4.930000000000000000e+02
1.934999823570251465e-01 -6.450353860855102539e-01 1.740351617336273193e-01 9.695328772068023682e-03 4.940000000000000000e+02
1.936441361904144287e-01 -6.449652910232543945e-01 1.806541085243225098e-01 9.695328772068023682e-03 4.950000000000000000e+02
1.940945982933044434e-01 -6.456680893898010254e-01 1.965223103761672974e-01 9.695328772068023682e-03 4.960000000000000000e+02
1.929829716682434082e-01 -6.449288129806518555e-01 2.209077030420303345e-01 9.695328772068023682e-03 4.970000000000000000e+02
1.964928209781646729e-01 -6.425883769989013672e-01 2.530737519264221191e-01 9.695328772068023682e-03 4.980000000000000000e+02
2.047798335552215576e-01 -6.394249796867370605e-01 2.886322438716888428e-01 9.783922694623470306e-03 4.990000000000000000e+02
2.189725637435913086e-01 -6.367607712745666504e-01 3.217470943927764893e-01 9.695328772068023682e-03 5.000000000000000000e+02
2.383143603801727295e-01 -6.360940337181091309e-01 3.483823537826538086e-01 1.026085577905178070e-02 5.010000000000000000e+02
2.583477497100830078e-01 -6.366537213325500488e-01 3.711346387863159180e-01 9.852776303887367249e-03 5.020000000000000000e+02
2.793801426887512207e-01 -6.365342140197753906e-01 3.930320739746093750e-01 9.695328772068023682e-03 5.030000000000000000e+02
2.988532781600952148e-01 -6.359564661979675293e-01 4.156061410903930664e-01 9.771717712283134460e-03 5.040000000000000000e+02
3.169240951538085938e-01 -6.376377940177917480e-01 4.363597035408020020e-01 9.695328772068023682e-03 5.050000000000000000e+02
3.325943052768707275e-01 -6.432499289512634277e-01 4.517003297805786133e-01 9.712655097246170044e-03 5.060000000000000000e+02
3.445661365985870361e-01 -6.521971225738525391e-01 4.614033102989196777e-01 1.021381281316280365e-02 5.070000000000000000e+02
3.571802377700805664e-01 -6.627185940742492676e-01 4.657850265502929688e-01 9.747678413987159729e-03 5.080000000000000000e+02
3.711619079113006592e-01 -6.717804670333862305e-01 4.685791134834289551e-01 1.034915819764137268e-02 5.090000000000000000e+02
3.854851722717285156e-01 -6.803465485572814941e-01 4.703752398490905762e-01 9.839191101491451263e-03 5.100000000000000000e+02
3.981955349445343018e-01 -6.888420581817626953e-01 4.709218740463256836e-01 9.996453300118446350e-03 5.110000000000000000e+02
4.084609150886535645e-01 -6.976321935653686523e-01 4.701946973800659180e-01 9.814037941396236420e-03 5.120000000000000000e+02
4.164944887161254883e-01 -7.050908207893371582e-01 4.676176309585571289e-01 9.699361398816108704e-03 5.130000000000000000e+02
4.245819747447967529e-01 -7.110127806663513184e-01 4.656581878662109375e-01 9.753330610692501068e-03 5.140000000000000000e+02
4.320207536220550537e-01 -7.156523466110229492e-01 4.650875329971313477e-01 9.695328772068023682e-03 5.150000000000000000e+02
4.399309754371643066e-01 -7.180036902427673340e-01 4.649407267570495605e-01 1.013187877833843231e-02 5.160000000000000000e+02
4.489036798477172852e-01 -7.186282873153686523e-01 4.632707238197326660e-01 9.695328772068023682e-03 5.170000000000000000e+02
4.579688906669616699e-01 -7.177163362503051758e-01 4.600021839141845703e-01 9.695328772068023682e-03 5.180000000000000000e+02
4.648711681365966797e-01 -7.162165045738220215e-01 4.579179883003234863e-01 9.707480669021606445e-03 5.190000000000000000e+02
4.695681333541870117e-01 -7.146183252334594727e-01 4.577261209487915039e-01 9.695328772068023682e-03 5.200000000000000000e+02
4.755666255950927734e-01 -7.118616700172424316e-01 4.549845457077026367e-01 1.014050189405679703e-02 5.210000000000000000e+02
4.841266274452209473e-01 -7.073712944984436035e-01 4.527795910835266113e-01 1.024528127163648605e-02 5.220000000000000000e+02
4.942668080329895020e-01 -7.045650482177734375e-01 4.546613693237304688e-01 9.707826189696788788e-03 5.230000000000000000e+02
5.042229294776916504e-01 -7.041345834732055664e-01 4.596668481826782227e-01 1.051703374832868576e-02 5.240000000000000000e+02
5.146583914756774902e-01 -7.065153717994689941e-01 4.632275104522705078e-01 9.836830198764801025e-03 5.250000000000000000e+02
5.260886549949645996e-01 -7.090183496475219727e-01 4.642178416252136230e-01 9.695328772068023682e-03 5.260000000000000000e+02
5.424700975418090820e-01 -7.109463214874267578e-01 4.587455987930297852e-01 1.006238814443349838e-02 5.270000000000000000e+02
5.617738366127014160e-01 -7.108743190765380859e-01 4.425728321075439453e-01 1.000799518078565598e-02 5.280000000000000000e+02
5.834863185882568359e-01 -7.101446986198425293e-01 4.132713675498962402e-01 9.695328772068023682e-03 5.290000000000000000e+02
6.043552756309509277e-01 -7.070385813713073730e-01 3.757481575012207031e-01 9.695328772068023682e-03 5.300000000000000000e+02
6.236886382102966309e-01 -7.019492387771606445e-01 3.354951143264770508e-01 9.695328772068023682e-03 5.310000000000000000e+02
6.378145217895507812e-01 -6.969045400619506836e-01 2.992080748081207275e-01 9.695328772068023682e-03 5.320000000000000000e+02
6.456844806671142578e-01 -6.929429769515991211e-01 2.740663886070251465e-01 9.695328772068023682e-03 5.330000000000000000e+02
6.484263539314270020e-01 -6.916392445564270020e-01 2.610376775264739990e-01 9.695328772068023682e-03 5.340000000000000000e+02
6.495859026908874512e-01 -6.916385889053344727e-01 2.555299401283264160e-01 1.008770056068897247e-02 5.350000000000000000e+02
6.531764268875122070e-01 -6.893358230590820312e-01 2.531171143054962158e-01 1.038569491356611252e-02 5.360000000000000000e+02
6.591520905494689941e-01 -6.843578815460205078e-01 2.514364123344421387e-01 9.695328772068023682e-03 5.370000000000000000e+02
6.639612913131713867e-01 -6.808078885078430176e-01 2.472606003284454346e-01 1.036234572529792786e-02 5.380000000000000000e+02
6.667561531066894531e-01 -6.798782348632812500e-01 2.342754453420639038e-01 1.001876778900623322e-02 5.390000000000000000e+02
6.673932671546936035e-01 -6.814960241317749023e-01 2.140178978443145752e-01 9.882732294499874115e-03 5.400000000000000000e+02
6.686155796051025391e-01 -6.837038397789001465e-01 1.960200965404510498e-01 9.881379082798957825e-03 5.410000000000000000e+02
6.703259348869323730e-01 -6.850559115409851074e-01 1.832108646631240845e-01 9.793581441044807434e-03 5.420000000000000000e+02
6.712949275970458984e-01 -6.845174431800842285e-01 1.682023108005523682e-01 9.695328772068023682e-03 5.430000000000000000e+02
6.722238659858703613e-01 -6.837698817253112793e-01 1.568907052278518677e-01 9.843356907367706299e-03 5.440000000000000000e+02
6.726483702659606934e-01 -6.829844117164611816e-01 1.527926325798034668e-01 9.709285572171211243e-03 5.450000000000000000e+02
6.727080941200256348e-01 -6.830810308456420898e-01 1.529506444931030273e-01 9.784718975424766541e-03 5.460000000000000000e+02
6.729300618171691895e-01 -6.826434731483459473e-01 1.499489545822143555e-01 9.773150086402893066e-03 5.470000000000000000e+02
6.724064946174621582e-01 -6.822544932365417480e-01 1.441526710987091064e-01 1.018221210688352585e-02 5.480000000000000000e+02
6.715628504753112793e-01 -6.816184520721435547e-01 1.404006183147430420e-01 1.003633253276348114e-02 5.490000000000000000e+02
6.716103553771972656e-01 -6.816384792327880859e-01 1.404942572116851807e-01 9.837944060564041138e-03 5.500000000000000000e+02
6.717172861099243164e-01 -6.818044185638427734e-01 1.408373415470123291e-01 9.695328772068023682e-03 5.510000000000000000e+02
6.722927093505859375e-01 -6.817333102226257324e-01 1.402308642864227295e-01 9.695328772068023682e-03 5.520000000000000000e+02
6.711701750755310059e-01 -6.816085577011108398e-01 1.409911811351776123e-01 9.772195480763912201e-03 5.530000000000000000e+02
6.716681718826293945e-01 -6.819133162498474121e-01 1.406942009925842285e-01 9.695328772068023682e-03 5.540000000000000000e+02
6.717200279235839844e-01 -6.817924976348876953e-01 1.402165740728378296e-01 9.766835719347000122e-03 5.550000000000000000e+02
6.721899509429931641e-01 -6.817458868026733398e-01 1.409416198730468750e-01 1.025260426104068756e-02 5.560000000000000000e+02
6.723235845565795898e-01 -6.815921068191528320e-01 1.403655111789703369e-01 9.695328772068023682e-03 5.570000000000000000e+02
6.715853214263916016e-01 -6.819003224372863770e-01 1.404702365398406982e-01 9.695328772068023682e-03 5.580000000000000000e+02
6.718734502792358398e-01 -6.818518042564392090e-01 1.405469477176666260e-01 9.695328772068023682e-03 5.590000000000000000e+02
6.716195344924926758e-01 -6.817038655281066895e-01 1.407159417867660522e-01 9.775644168257713318e-03 5.600000000000000000e+02
6.711987853050231934e-01 -6.812820434570312500e-01 1.405863761901855469e-01 1.103259902447462082e-02 5.610000000000000000e+02
6.717989444732666016e-01 -6.817216873168945312e-01 1.407315135002136230e-01 1.008775364607572556e-02 5.620000000000000000e+02
6.716783046722412109e-01 -6.811904907226562500e-01 1.413311064243316650e-01 9.695328772068023682e-03 5.630000000000000000e+02
6.714735031127929688e-01 -6.816755533218383789e-01 1.406196057796478271e-01 9.695328772068023682e-03 5.640000000000000000e+02
6.714890599250793457e-01 -6.817257404327392578e-01 1.405653208494186401e-01 1.004965230822563171e-02 5.650000000000000000e+02
6.718616485595703125e-01 -6.815912127494812012e-01 1.404395252466201782e-01 9.999000467360019684e-03 5.660000000000000000e+02
6.723820567131042480e-01 -6.815479993820190430e-01 1.404948383569717407e-01 9.764314629137516022e-03 5.670000000000000000e+02
6.712235212326049805e-01 -6.815004348754882812e-01 1.403939723968505859e-01 5.043323338031768799e-02 5.680000000000000000e+02
6.719054579734802246e-01 -6.815710663795471191e-01 1.411183774471282959e-01 1.696679294109344482e-01 5.690000000000000000e+02
6.716368198394775391e-01 -6.814225912094116211e-01 1.403125971555709839e-01 2.902796268463134766e-01 5.700000000000000000e+02
6.711678504943847656e-01 -6.818863153457641602e-01 1.404836177825927734e-01 4.200855493545532227e-01 5.710000000000000000e+02
6.715999841690063477e-01 -6.815794706344604492e-01 1.403784751892089844e-01 6.588872671127319336e-01 5.720000000000000000e+02
6.720063090324401855e-01 -6.819528341293334961e-01 1.399594694375991821e-01 7.706421017646789551e-01 5.730000000000000000e+02
6.717910766601562500e-01 -6.817114353179931641e-01 1.410167217254638672e-01 7.800980210304260254e-01 5.740000000000000000e+02
6.714599728584289551e-01 -6.820599436759948730e-01 1.403802186250686646e-01 7.810248136520385742e-01 5.750000000000000000e+02
6.720403432846069336e-01 -6.818599700927734375e-01 1.411075741052627563e-01 7.803499698638916016e-01 5.760000000000000000e+02
6.717298626899719238e-01 -6.814679503440856934e-01 1.407824754714965820e-01 7.807764410972595215e-01 5.770000000000000000e+02
6.716952323913574219e-01 -6.819825172424316406e-01 1.411430537700653076e-01 7.798045873641967773e-01 5.780000000000000000e+02
6.715074777603149414e-01 -6.819473505020141602e-01 1.408222019672393799e-01 7.801374197006225586e-01 5.790000000000000000e+02
6.712442040443420410e-01 -6.820429563522338867e-01 1.411115527153015137e-01 7.797973155975341797e-01 5.800000000000000000e+02
6.718503236770629883e-01 -6.819193959236145020e-01 1.413471996784210205e-01 7.802029252052307129e-01 5.810000000000000000e+02
6.732240319252014160e-01 -6.803482174873352051e-01 1.415713429450988770e-01 7.803882360458374023e-01 5.820000000000000000e+02
6.760230660438537598e-01 -6.769651174545288086e-01 1.413380205631256104e-01 7.812005877494812012e-01 5.830000000000000000e+02
6.815399527549743652e-01 -6.721016168594360352e-01 1.419229358434677124e-01 7.801154851913452148e-01 5.840000000000000000e+02
6.837972402572631836e-01 -6.692773103713989258e-01 1.419958472251892090e-01 7.802683115005493164e-01 5.850000000000000000e+02
6.847718358039855957e-01 -6.680647730827331543e-01 1.410876512527465820e-01 7.799426913261413574e-01 5.860000000000000000e+02
6.844974160194396973e-01 -6.675838828086853027e-01 1.395452767610549927e-01 7.802067399024963379e-01 5.870000000000000000e+02
6.856015324592590332e-01 -6.659926772117614746e-01 1.412668228149414062e-01 7.795327305793762207e-01 5.880000000000000000e+02
6.874971389770507812e-01 -6.634471416473388672e-01 1.429256498813629150e-01 7.802671194076538086e-01 5.890000000000000000e+02
6.889163851737976074e-01 -6.621002554893493652e-01 1.428137123584747314e-01 7.798743247985839844e-01 5.900000000000000000e+02
6.891503334045410156e-01 -6.621580719947814941e-01 1.416655182838439941e-01 7.797340154647827148e-01 5.910000000000000000e+02
6.888088583946228027e-01 -6.613749265670776367e-01 1.411978304386138916e-01 7.800684571266174316e-01 5.920000000000000000e+02
6.902440786361694336e-01 -6.589409708976745605e-01 1.425687670707702637e-01 7.798094153404235840e-01 5.930000000000000000e+02
6.916907429695129395e-01 -6.564506292343139648e-01 1.461252570152282715e-01 7.800962924957275391e-01 5.940000000000000000e+02
6.927746534347534180e-01 -6.528577208518981934e-01 1.501527726650238037e-01 7.899176478385925293e-01 5.950000000000000000e+02
6.917666196823120117e-01 -6.488850116729736328e-01 1.532306969165802002e-01 7.902770638465881348e-01 5.960000000000000000e+02
6.917930245399475098e-01 -6.437742710113525391e-01 1.556183099746704102e-01 7.999896407127380371e-01 5.970000000000000000e+02
6.945437788963317871e-01 -6.387454867362976074e-01 1.574009656906127930e-01 8.198832869529724121e-01 5.980000000000000000e+02
6.986094117164611816e-01 -6.332374215126037598e-01 1.580885350704193115e-01 8.202655315399169922e-01 5.990000000000000000e+02
7.031464576721191406e-01 -6.287430524826049805e-01 1.577019989490509033e-01 8.197862505912780762e-01 6.000000000000000000e+02
7.051224708557128906e-01 -6.259363293647766113e-01 1.581645905971527100e-01 8.196625709533691406e-01 6.010000000000000000e+02
7.053320407867431641e-01 -6.262113451957702637e-01 1.578461676836013794e-01 8.202660679817199707e-01 6.020000000000000000e+02
7.059731483459472656e-01 -6.250432133674621582e-01 1.565769314765930176e-01 8.201611042022705078e-01 6.030000000000000000e+02
7.067375183105468750e-01 -6.213289499282836914e-01 1.565509438514709473e-01 8.196375370025634766e-01 6.040000000000000000e+02
7.080987691879272461e-01 -6.159774065017700195e-01 1.575807034969329834e-01 8.211084008216857910e-01 6.050000000000000000e+02
7.094756364822387695e-01 -6.105201244354248047e-01 1.594103872776031494e-01 8.297791481018066406e-01 6.060000000000000000e+02
7.099084854125976562e-01 -6.055524349212646484e-01 1.608047038316726685e-01 8.303215503692626953e-01 6.070000000000000000e+02
7.117112874984741211e-01 -6.002933382987976074e-01 1.617352515459060669e-01 8.298815488815307617e-01 6.080000000000000000e+02
7.149478197097778320e-01 -5.948626399040222168e-01 1.621675789356231689e-01 8.302738666534423828e-01 6.090000000000000000e+02
7.191310524940490723e-01 -5.899222493171691895e-01 1.617205739021301270e-01 8.299240469932556152e-01 6.100000000000000000e+02
7.219593524932861328e-01 -5.868227481842041016e-01 1.613343656063079834e-01 8.309711217880249023e-01 6.110000000000000000e+02
7.225958704948425293e-01 -5.857654213905334473e-01 1.613337099552154541e-01 8.298715353012084961e-01 6.120000000000000000e+02
7.230055928230285645e-01 -5.841981172561645508e-01 1.616239249706268311e-01 8.304132223129272461e-01 6.130000000000000000e+02
7.234371304512023926e-01 -5.809674263000488281e-01 1.626380383968353271e-01 8.300303816795349121e-01 6.140000000000000000e+02
7.227181792259216309e-01 -5.790033340454101562e-01 1.627467274665832520e-01 8.303666114807128906e-01 6.150000000000000000e+02
7.227262258529663086e-01 -5.792242288589477539e-01 1.628189384937286377e-01 8.301278948783874512e-01 6.160000000000000000e+02
7.228794097900390625e-01 -5.795555710792541504e-01 1.629780828952789307e-01 8.305979967117309570e-01 6.170000000000000000e+02
7.231552600860595703e-01 -5.796126723289489746e-01 1.628831326961517334e-01 8.298859000205993652e-01 6.180000000000000000e+02
7.228397130966186523e-01 -5.794996023178100586e-01 1.632012128829956055e-01 8.297845125198364258e-01 6.190000000000000000e+02
7.227675914764404297e-01 -5.792708396911621094e-01 1.634168773889541626e-01 8.305289745330810547e-01 6.200000000000000000e+02
7.228907942771911621e-01 -5.791984796524047852e-01 1.634521484375000000e-01 8.302404880523681641e-01 6.210000000000000000e+02
7.228496670722961426e-01 -5.796202421188354492e-01 1.634988486766815186e-01 8.301302194595336914e-01 6.220000000000000000e+02
7.231001853942871094e-01 -5.796015262603759766e-01 1.636715382337570190e-01 8.300532698631286621e-01 6.230000000000000000e+02
7.241053581237792969e-01 -5.783861875534057617e-01 1.632384657859802246e-01 8.297217488288879395e-01 6.240000000000000000e+02
7.252662181854248047e-01 -5.762611031532287598e-01 1.632730215787887573e-01 8.304359912872314453e-01 6.250000000000000000e+02
7.275633811950683594e-01 -5.739370584487915039e-01 1.630096733570098877e-01 8.302829861640930176e-01 6.260000000000000000e+02
7.279466986656188965e-01 -5.727719068527221680e-01 1.632097363471984863e-01 8.307493925094604492e-01 6.270000000000000000e+02
7.279170155525207520e-01 -5.728034973144531250e-01 1.631446629762649536e-01 8.297768235206604004e-01 6.280000000000000000e+02
7.282141447067260742e-01 -5.727285146713256836e-01 1.629383265972137451e-01 8.303372263908386230e-01 6.290000000000000000e+02
7.280166745185852051e-01 -5.728342533111572266e-01 1.631601154804229736e-01 8.304798603057861328e-01 6.300000000000000000e+02
7.283331751823425293e-01 -5.725937485694885254e-01 1.631604284048080444e-01 8.305410742759704590e-01 6.310000000000000000e+02
7.286731004714965820e-01 -5.726875066757202148e-01 1.633890271186828613e-01 8.297069668769836426e-01 6.320000000000000000e+02
7.281720638275146484e-01 -5.727272033691406250e-01 1.630194485187530518e-01 8.301935791969299316e-01 6.330000000000000000e+02
7.282252311706542969e-01 -5.725112557411193848e-01 1.633663624525070190e-01 8.297052979469299316e-01 6.340000000000000000e+02
7.290334701538085938e-01 -5.720511674880981445e-01 1.634058058261871338e-01 8.298877477645874023e-01 6.350000000000000000e+02
7.290708422660827637e-01 -5.716834664344787598e-01 1.636254489421844482e-01 8.303348422050476074e-01 6.360000000000000000e+02
7.290813326835632324e-01 -5.717140436172485352e-01 1.629519164562225342e-01 8.302709460258483887e-01 6.370000000000000000e+02
7.287952899932861328e-01 -5.718544721603393555e-01 1.632468402385711670e-01 8.301805257797241211e-01 6.380000000000000000e+02
7.292954921722412109e-01 -5.719292163848876953e-01 1.630980968475341797e-01 8.296722769737243652e-01 6.390000000000000000e+02
7.287275195121765137e-01 -5.716605782508850098e-01 1.632609516382217407e-01 8.299726247787475586e-01 6.400000000000000000e+02
7.297676205635070801e-01 -5.717768669128417969e-01 1.632521152496337891e-01 8.300012946128845215e-01 6.410000000000000000e+02
7.289132475852966309e-01 -5.718156099319458008e-01 1.631315052509307861e-01 8.302315473556518555e-01 6.420000000000000000e+02
7.287401556968688965e-01 -5.718654990196228027e-01 1.633237451314926147e-01 8.300675153732299805e-01 6.430000000000000000e+02
7.291123867034912109e-01 -5.718101859092712402e-01 1.633723527193069458e-01 8.306335806846618652e-01 6.440000000000000000e+02
7.292349338531494141e-01 -5.716649889945983887e-01 1.629599779844284058e-01 8.305889964103698730e-01 6.450000000000000000e+02
7.292620539665222168e-01 -5.717382431030273438e-01 1.635204255580902100e-01 8.302085399627685547e-01 6.460000000000000000e+02
7.291662096977233887e-01 -5.717661380767822266e-01 1.630510091781616211e-01 8.300762772560119629e-01 6.470000000000000000e+02
7.292495369911193848e-01 -5.720645189285278320e-01 1.630215793848037720e-01 8.299807310104370117e-01 6.480000000000000000e+02
7.291231751441955566e-01 -5.716603398323059082e-01 1.633456349372863770e-01 8.299274444580078125e-01 6.490000000000000000e+02
7.288302183151245117e-01 -5.718511939048767090e-01 1.632655560970306396e-01 8.305665254592895508e-01 6.500000000000000000e+02
7.287225723266601562e-01 -5.718883275985717773e-01 1.633390784263610840e-01 8.300089240074157715e-01 6.510000000000000000e+02
7.289272546768188477e-01 -5.719054341316223145e-01 1.630995273590087891e-01 7.892916202545166016e-01 6.520000000000000000e+02
7.284781336784362793e-01 -5.717353820800781250e-01 1.630245596170425415e-01 6.792780160903930664e-01 6.530000000000000000e+02
7.287329435348510742e-01 -5.722161531448364258e-01 1.628385484218597412e-01 5.589173436164855957e-01 6.540000000000000000e+02
7.287546992301940918e-01 -5.715935230255126953e-01 1.626172065734863281e-01 4.556357860565185547e-01 6.550000000000000000e+02
7.287162542343139648e-01 -5.719041824340820312e-01 1.630052328109741211e-01 2.217886745929718018e-01 6.560000000000000000e+02
7.290636897087097168e-01 -5.722354650497436523e-01 1.631207466125488281e-01 1.019572019577026367e-01 6.570000000000000000e+02
7.278708219528198242e-01 -5.726697444915771484e-01 1.631493717432022095e-01 1.114117261022329330e-02 6.580000000000000000e+02
7.285202741622924805e-01 -5.725539922714233398e-01 1.627374887466430664e-01 1.068414002656936646e-02 6.590000000000000000e+02
7.284152507781982422e-01 -5.727588534355163574e-01 1.634179055690765381e-01 1.001818384975194931e-02 6.600000000000000000e+02
7.284746766090393066e-01 -5.726751685142517090e-01 1.623319983482360840e-01 1.045505236834287643e-02 6.610000000000000000e+02
7.283294796943664551e-01 -5.724338293075561523e-01 1.628257036209106445e-01 1.059244107455015182e-02 6.620000000000000000e+02
7.282363772392272949e-01 -5.729160308837890625e-01 1.628155708312988281e-01 9.695328772068023682e-03 6.630000000000000000e+02
7.280356287956237793e-01 -5.726838111877441406e-01 1.635527312755584717e-01 1.007902435958385468e-02 6.640000000000000000e+02
7.276264429092407227e-01 -5.739870071411132812e-01 1.662611067295074463e-01 9.800824336707592010e-03 6.650000000000000000e+02
7.271648049354553223e-01 -5.752930641174316406e-01 1.780696660280227661e-01 1.005941629409790039e-02 6.660000000000000000e+02
7.262472510337829590e-01 -5.758733153343200684e-01 1.959101706743240356e-01 9.695328772068023682e-03 6.670000000000000000e+02
7.247427701950073242e-01 -5.761438608169555664e-01 2.129015326499938965e-01 9.695328772068023682e-03 6.680000000000000000e+02
7.197963595390319824e-01 -5.805267095565795898e-01 2.295714169740676880e-01 9.695328772068023682e-03 6.690000000000000000e+02
7.123757004737854004e-01 -5.871657729148864746e-01 2.488077133893966675e-01 9.742451831698417664e-03 6.700000000000000000e+02
7.048833966255187988e-01 -5.929934382438659668e-01 2.704258561134338379e-01 9.695328772068023682e-03 6.710000000000000000e+02
6.972089409828186035e-01 -5.964506268501281738e-01 2.983877658843994141e-01 1.039588358253240585e-02 6.720000000000000000e+02
6.895869374275207520e-01 -5.991647839546203613e-01 3.335981369018554688e-01 1.015724427998065948e-02 6.730000000000000000e+02
6.782475709915161133e-01 -6.020057797431945801e-01 3.712087273597717285e-01 1.034629344940185547e-02 6.740000000000000000e+02
6.611632108688354492e-01 -6.067609190940856934e-01 4.099563360214233398e-01 1.008865609765052795e-02 6.750000000000000000e+02
6.432244181632995605e-01 -6.118800640106201172e-01 4.447295665740966797e-01 9.929298423230648041e-03 6.760000000000000000e+02
6.254624724388122559e-01 -6.148831248283386230e-01 4.712183475494384766e-01 1.032209489494562149e-02 6.770000000000000000e+02
6.062355637550354004e-01 -6.190857291221618652e-01 4.907808899879455566e-01 9.695328772068023682e-03 6.780000000000000000e+02
5.809908509254455566e-01 -6.297075748443603516e-01 5.078070759773254395e-01 1.006153970956802368e-02 6.790000000000000000e+02
5.542125701904296875e-01 -6.410522460937500000e-01 5.153676867485046387e-01 9.779333136975765228e-03 6.800000000000000000e+02
5.309694409370422363e-01 -6.454768776893615723e-01 5.066381096839904785e-01 1.027117762714624405e-02 6.810000000000000000e+02
5.064321756362915039e-01 -6.440650224685668945e-01 4.930485486984252930e-01 9.858879260718822479e-03 6.820000000000000000e+02
4.796220064163208008e-01 -6.378956437110900879e-01 4.790992140769958496e-01 9.997222572565078735e-03 6.830000000000000000e+02
4.515298604965209961e-01 -6.283804774284362793e-01 4.641901850700378418e-01 1.016722060739994049e-02 6.840000000000000000e+02
4.241400659084320068e-01 -6.193474531173706055e-01 4.519690275192260742e-01 9.869067929685115814e-03 6.850000000000000000e+02
4.067126214504241943e-01 -6.147844195365905762e-01 4.427279233932495117e-01 9.919533506035804749e-03 6.860000000000000000e+02
4.052519202232360840e-01 -6.129918694496154785e-01 4.258227348327636719e-01 9.897458367049694061e-03 6.870000000000000000e+02
4.139913916587829590e-01 -6.151144504547119141e-01 3.959395885467529297e-01 9.939963929355144501e-03 6.880000000000000000e+02
4.284412264823913574e-01 -6.152915358543395996e-01 3.574276566505432129e-01 1.029091794043779373e-02 6.890000000000000000e+02
4.430914521217346191e-01 -6.112655401229858398e-01 3.202385902404785156e-01 9.769939817488193512e-03 6.900000000000000000e+02
4.512633085250854492e-01 -6.078125834465026855e-01 2.985641956329345703e-01 9.905444458127021790e-03 6.910000000000000000e+02
4.533874988555908203e-01 -6.076742410659790039e-01 2.924095988273620605e-01 1.018794346600770950e-02 6.920000000000000000e+02
4.529247879981994629e-01 -6.077335476875305176e-01 2.928465604782104492e-01 9.695328772068023682e-03 6.930000000000000000e+02
4.519398808479309082e-01 -6.076726317405700684e-01 2.929652333259582520e-01 9.889020584523677826e-03 6.940000000000000000e+02
4.532014131546020508e-01 -6.071825623512268066e-01 2.927647829055786133e-01 1.006668619811534882e-02 6.950000000000000000e+02
4.513878822326660156e-01 -6.093288064002990723e-01 2.903172373771667480e-01 9.695328772068023682e-03 6.960000000000000000e+02
4.453510046005249023e-01 -6.135895848274230957e-01 2.781032323837280273e-01 9.695328772068023682e-03 6.970000000000000000e+02
4.325158596038818359e-01 -6.138711571693420410e-01 2.512392997741699219e-01 9.708754718303680420e-03 6.980000000000000000e+02
4.270243942737579346e-01 -6.157355308532714844e-01 2.211087495088577271e-01 9.834839962422847748e-03 6.990000000000000000e+02
4.358752369880676270e-01 -6.227365732192993164e-01 1.980959624052047729e-01 9.695328772068023682e-03 7.000000000000000000e+02
4.552511572837829590e-01 -6.237039566040039062e-01 1.857525408267974854e-01 9.695328772068023682e-03 7.010000000000000000e+02
4.679619669914245605e-01 -6.128132939338684082e-01 1.797924637794494629e-01 9.695328772068023682e-03 7.020000000000000000e+02
4.696447253227233887e-01 -6.025937795639038086e-01 1.751322448253631592e-01 9.974537417292594910e-03 7.030000000000000000e+02
4.689577817916870117e-01 -5.981258749961853027e-01 1.700973808765411377e-01 9.695328772068023682e-03 7.040000000000000000e+02
4.721837639808654785e-01 -5.956330299377441406e-01 1.662011593580245972e-01 9.695328772068023682e-03 7.050000000000000000e+02
4.784877896308898926e-01 -5.913110375404357910e-01 1.616744846105575562e-01 9.795252233743667603e-03 7.060000000000000000e+02
4.835374355316162109e-01 -5.872969627380371094e-01 1.521581113338470459e-01 1.040646992623806000e-02 7.070000000000000000e+02
4.854094386100769043e-01 -5.844647884368896484e-01 1.387304961681365967e-01 9.789097122848033905e-03 7.080000000000000000e+02
4.868354201316833496e-01 -5.833476185798645020e-01 1.262267380952835083e-01 9.794032201170921326e-03 7.090000000000000000e+02
4.879872798919677734e-01 -5.816571712493896484e-01 1.201968342065811157e-01 9.695328772068023682e-03 7.100000000000000000e+02
4.892325997352600098e-01 -5.781407356262207031e-01 1.184315830469131470e-01 9.948906488716602325e-03 7.110000000000000000e+02
4.905296564102172852e-01 -5.721650123596191406e-01 1.168381273746490479e-01 9.965064935386180878e-03 7.120000000000000000e+02
4.944980144500732422e-01 -5.678019523620605469e-01 1.150497794151306152e-01 9.966868907213211060e-03 7.130000000000000000e+02
4.990226626396179199e-01 -5.656313300132751465e-01 1.145885735750198364e-01 9.695328772068023682e-03 7.140000000000000000e+02
5.025989413261413574e-01 -5.630955696105957031e-01 1.134676858782768250e-01 1.005803700536489487e-02 7.150000000000000000e+02
5.025216937065124512e-01 -5.598690509796142578e-01 1.087893992662429810e-01 9.838714264333248138e-03 7.160000000000000000e+02
5.014112591743469238e-01 -5.558174848556518555e-01 1.024863719940185547e-01 9.954796172678470612e-03 7.170000000000000000e+02
5.010767579078674316e-01 -5.520572662353515625e-01 9.728409349918365479e-02 9.964136406779289246e-03 7.180000000000000000e+02
5.033556818962097168e-01 -5.489190816879272461e-01 9.515406936407089233e-02 9.695328772068023682e-03 7.190000000000000000e+02
5.072351694107055664e-01 -5.448355674743652344e-01 9.483850747346878052e-02 9.860311634838581085e-03 7.200000000000000000e+02
5.107488036155700684e-01 -5.413973331451416016e-01 9.454789757728576660e-02 9.695328772068023682e-03 7.210000000000000000e+02
5.108531713485717773e-01 -5.400339961051940918e-01 9.470602869987487793e-02 1.011770963668823242e-02 7.220000000000000000e+02
5.077431201934814453e-01 -5.397272109985351562e-01 9.384079277515411377e-02 9.841340593993663788e-03 7.230000000000000000e+02
5.046883225440979004e-01 -5.383675098419189453e-01 9.166719019412994385e-02 9.767445735633373260e-03 7.240000000000000000e+02
5.043942928314208984e-01 -5.363900661468505859e-01 8.863565325736999512e-02 9.795650839805603027e-03 7.250000000000000000e+02
5.048034787178039551e-01 -5.341411828994750977e-01 8.564312011003494263e-02 9.730458259582519531e-03 7.260000000000000000e+02
5.052913427352905273e-01 -5.314480066299438477e-01 8.265322446823120117e-02 9.923486970365047455e-03 7.270000000000000000e+02
5.059633255004882812e-01 -5.288854837417602539e-01 8.010353893041610718e-02 9.695328772068023682e-03 7.280000000000000000e+02
5.080103278160095215e-01 -5.257825255393981934e-01 7.861696928739547729e-02 9.695328772068023682e-03 7.290000000000000000e+02
5.097600817680358887e-01 -5.229403376579284668e-01 7.744000852108001709e-02 9.695328772068023682e-03 7.300000000000000000e+02
5.114548802375793457e-01 -5.200418233871459961e-01 7.814491540193557739e-02 9.710452519357204437e-03 7.310000000000000000e+02
5.094534754753112793e-01 -5.143665075302124023e-01 8.339951187372207642e-02 1.031323242932558060e-02 7.320000000000000000e+02
5.073254108428955078e-01 -5.094902515411376953e-01 8.893741667270660400e-02 9.777024388313293457e-03 7.330000000000000000e+02
5.072957873344421387e-01 -5.106087923049926758e-01 8.823565393686294556e-02 9.695328772068023682e-03 7.340000000000000000e+02
5.100238323211669922e-01 -5.147753953933715820e-01 8.315978944301605225e-02 9.940627962350845337e-03 7.350000000000000000e+02
5.119808912277221680e-01 -5.181674361228942871e-01 7.964281737804412842e-02 9.695328772068023682e-03 7.360000000000000000e+02
5.124119520187377930e-01 -5.188716650009155273e-01 7.887505739927291870e-02 9.695328772068023682e-03 7.370000000000000000e+02
5.122112631797790527e-01 -5.182726383209228516e-01 7.933265715837478638e-02 9.695328772068023682e-03 7.380000000000000000e+02
5.120023488998413086e-01 -5.183151364326477051e-01 7.926107943058013916e-02 9.920117445290088654e-03 7.390000000000000000e+02
5.119786858558654785e-01 -5.186305642127990723e-01 7.883168756961822510e-02 9.695328772068023682e-03 7.400000000000000000e+02
5.123924612998962402e-01 -5.184199213981628418e-01 7.876440137624740601e-02 9.695328772068023682e-03 7.410000000000000000e+02
5.128086209297180176e-01 -5.183818936347961426e-01 7.914549857378005981e-02 9.872384369373321533e-03 7.420000000000000000e+02
5.122160911560058594e-01 -5.184170007705688477e-01 7.887088507413864136e-02 9.917464107275009155e-03 7.430000000000000000e+02
5.123004913330078125e-01 -5.188242793083190918e-01 7.850074023008346558e-02 1.007294841110706329e-02 7.440000000000000000e+02
5.121494531631469727e-01 -5.186272859573364258e-01 7.850712537765502930e-02 9.695328772068023682e-03 7.450000000000000000e+02
5.120310187339782715e-01 -5.184927582740783691e-01 7.884311676025390625e-02 1.000536885112524033e-02 7.460000000000000000e+02
5.117865204811096191e-01 -5.183913111686706543e-01 7.847864180803298950e-02 9.695328772068023682e-03 7.470000000000000000e+02
5.119558572769165039e-01 -5.186723470687866211e-01 7.890705764293670654e-02 9.827119298279285431e-03 7.480000000000000000e+02
5.120193958282470703e-01 -5.185305476188659668e-01 7.851212471723556519e-02 9.775432758033275604e-03 7.490000000000000000e+02
5.125551223754882812e-01 -5.186341404914855957e-01 7.883975654840469360e-02 1.003930438309907913e-02 7.500000000000000000e+02
5.124566555023193359e-01 -5.184554457664489746e-01 7.857009023427963257e-02 9.884430095553398132e-03 7.510000000000000000e+02
5.118824243545532227e-01 -5.185536146163940430e-01 7.859516143798828125e-02 9.695328772068023682e-03 7.520000000000000000e+02
5.122815966606140137e-01 -5.184494256973266602e-01 7.876159250736236572e-02 9.695328772068023682e-03 7.530000000000000000e+02
5.117882490158081055e-01 -5.184632539749145508e-01 7.906498014926910400e-02 9.695328772068023682e-03 7.540000000000000000e+02
5.121851563453674316e-01 -5.184949040412902832e-01 7.846666872501373291e-02 9.695328772068023682e-03 7.550000000000000000e+02
5.120814442634582520e-01 -5.183663368225097656e-01 7.876533269882202148e-02 9.695328772068023682e-03 7.560000000000000000e+02
5.118059515953063965e-01 -5.183627009391784668e-01 7.915301620960235596e-02 9.695328772068023682e-03 7.570000000000000000e+02
5.122340321540832520e-01 -5.187357068061828613e-01 7.877052575349807739e-02 9.702704846858978271e-03 7.580000000000000000e+02
5.121908187866210938e-01 -5.185620188713073730e-01 7.880159467458724976e-02 9.695328772068023682e-03 7.590000000000000000e+02
5.120565891265869141e-01 -5.186158418655395508e-01 7.879590243101119995e-02 9.695328772068023682e-03 7.600000000000000000e+02
5.123288035392761230e-01 -5.186910033226013184e-01 7.866461575031280518e-02 9.706366807222366333e-03 7.610000000000000000e+02
5.120619535446166992e-01 -5.186005830764770508e-01 7.884360104799270630e-02 9.695328772068023682e-03 7.620000000000000000e+02
5.120537281036376953e-01 -5.185241699218750000e-01 7.891307771205902100e-02 9.751366451382637024e-03 7.630000000000000000e+02
5.122108459472656250e-01 -5.186302661895751953e-01 7.866372913122177124e-02 1.024785451591014862e-02 7.640000000000000000e+02
5.121854543685913086e-01 -5.185883045196533203e-01 7.863276451826095581e-02 1.016852073371410370e-02 7.650000000000000000e+02
5.121491551399230957e-01 -5.183538198471069336e-01 7.884974777698516846e-02 1.017701160162687302e-02 7.660000000000000000e+02
5.124080181121826172e-01 -5.184410810470581055e-01 7.884230464696884155e-02 9.765110909938812256e-03 7.670000000000000000e+02
5.121992230415344238e-01 -5.186231732368469238e-01 7.871042191982269287e-02 9.739851579070091248e-03 7.680000000000000000e+02
5.120982527732849121e-01 -5.185648202896118164e-01 7.895110547542572021e-02 9.702041745185852051e-03 7.690000000000000000e+02
5.123277902603149414e-01 -5.186643004417419434e-01 7.881997525691986084e-02 9.695328772068023682e-03 7.700000000000000000e+02
5.124584436416625977e-01 -5.185800194740295410e-01 7.876602560281753540e-02 9.910512715578079224e-03 7.710000000000000000e+02
5.122276544570922852e-01 -5.185428857803344727e-01 7.892246544361114502e-02 9.702678769826889038e-03 7.720000000000000000e+02
5.122761130332946777e-01 -5.184580683708190918e-01 7.868640869855880737e-02 9.716502390801906586e-03 7.730000000000000000e+02
5.116238594055175781e-01 -5.186842083930969238e-01 7.876510918140411377e-02 9.905338287353515625e-03 7.740000000000000000e+02
5.122768282890319824e-01 -5.184463858604431152e-01 7.866921275854110718e-02 9.779890067875385284e-03 7.750000000000000000e+02
5.119704604148864746e-01 -5.183741450309753418e-01 7.869382202625274658e-02 9.812924079596996307e-03 7.760000000000000000e+02
5.119453072547912598e-01 -5.185672640800476074e-01 7.882083207368850708e-02 9.970371611416339874e-03 7.770000000000000000e+02
5.120510458946228027e-01 -5.181336402893066406e-01 7.878930121660232544e-02 9.695328772068023682e-03 7.780000000000000000e+02
5.121766328811645508e-01 -5.184664130210876465e-01 7.859358191490173340e-02 1.001640595495700836e-02 7.790000000000000000e+02
5.121445059776306152e-01 -5.184556841850280762e-01 7.882144302129745483e-02 9.695328772068023682e-03 7.800000000000000000e+02
5.126764178276062012e-01 -5.186129212379455566e-01 7.881452143192291260e-02 9.695328772068023682e-03 7.810000000000000000e+02
5.122393369674682617e-01 -5.184092521667480469e-01 7.871823012828826904e-02 9.695328772068023682e-03 7.820000000000000000e+02
5.123531818389892578e-01 -5.184014439582824707e-01 7.880982756614685059e-02 9.695328772068023682e-03 7.830000000000000000e+02
5.123596787452697754e-01 -5.180364847183227539e-01 7.863903045654296875e-02 9.782596491277217865e-03 7.840000000000000000e+02
5.124769806861877441e-01 -5.183002352714538574e-01 7.838819921016693115e-02 9.695328772068023682e-03 7.850000000000000000e+02
5.121680498123168945e-01 -5.183350443840026855e-01 7.862277328968048096e-02 9.695328772068023682e-03 7.860000000000000000e+02
5.118955969810485840e-01 -5.184155702590942383e-01 7.888489216566085815e-02 9.695328772068023682e-03 7.870000000000000000e+02
5.117895007133483887e-01 -5.183381438255310059e-01 7.867336273193359375e-02 9.695328772068023682e-03 7.880000000000000000e+02
5.128640532493591309e-01 -5.186039209365844727e-01 7.820563018321990967e-02 9.695328772068023682e-03 7.890000000000000000e+02
5.124803781509399414e-01 -5.183682441711425781e-01 7.865314185619354248e-02 9.695328772068023682e-03 7.900000000000000000e+02
5.122827291488647461e-01 -5.184107422828674316e-01 7.896410673856735229e-02 9.747652336955070496e-03 7.910000000000000000e+02
5.122061371803283691e-01 -5.184822678565979004e-01 7.880144566297531128e-02 1.040214486420154572e-02 7.920000000000000000e+02
5.124345421791076660e-01 -5.185151100158691406e-01 7.879061251878738403e-02 9.716714732348918915e-03 7.930000000000000000e+02
5.120686292648315430e-01 -5.186995863914489746e-01 7.873967289924621582e-02 1.023997459560632706e-02 7.940000000000000000e+02
5.122660398483276367e-01 -5.185080766677856445e-01 7.881125062704086304e-02 1.001041010022163391e-02 7.950000000000000000e+02
5.121626257896423340e-01 -5.184478759765625000e-01 7.870825380086898804e-02 1.021100021898746490e-02 7.960000000000000000e+02
5.120239257812500000e-01 -5.185166001319885254e-01 7.863628119230270386e-02 9.956627152860164642e-03 7.970000000000000000e+02
5.115723609924316406e-01 -5.184190869331359863e-01 7.877315580844879150e-02 1.019571721553802490e-02 7.980000000000000000e+02
5.121123790740966797e-01 -5.184377431869506836e-01 7.860963791608810425e-02 9.907302446663379669e-03 7.990000000000000000e+02
5.122864246368408203e-01 -5.186779499053955078e-01 7.855887711048126221e-02 1.011489704251289368e-02 8.000000000000000000e+02
5.123695731163024902e-01 -5.184192061424255371e-01 7.866627722978591919e-02 1.000918913632631302e-02 8.010000000000000000e+02
5.121914744377136230e-01 -5.183163285255432129e-01 7.858441770076751709e-02 9.695328772068023682e-03 8.020000000000000000e+02
5.122691392898559570e-01 -5.186192989349365234e-01 7.876200228929519653e-02 9.695328772068023682e-03 8.030000000000000000e+02
5.120263695716857910e-01 -5.185452103614807129e-01 7.885309308767318726e-02 1.013538055121898651e-02 8.040000000000000000e+02
5.125138759613037109e-01 -5.185640454292297363e-01 7.868170738220214844e-02 9.695328772068023682e-03 8.050000000000000000e+02
5.123649835586547852e-01 -5.184994935989379883e-01 7.872942090034484863e-02 1.008746214210987091e-02 8.060000000000000000e+02
5.119591355323791504e-01 -5.186521410942077637e-01 7.866117358207702637e-02 9.695328772068023682e-03 8.070000000000000000e+02
5.125967860221862793e-01 -5.184425711631774902e-01 7.897379249334335327e-02 9.735738858580589294e-03 8.080000000000000000e+02
5.120819807052612305e-01 -5.185861587524414062e-01 7.854149490594863892e-02 9.875356219708919525e-03 8.090000000000000000e+02
5.121992826461791992e-01 -5.185136795043945312e-01 7.858107239007949829e-02 9.695328772068023682e-03 8.100000000000000000e+02
5.123226046562194824e-01 -5.187925696372985840e-01 7.862031459808349609e-02 9.695328772068023682e-03 8.110000000000000000e+02
5.121853947639465332e-01 -5.186638832092285156e-01 7.834127545356750488e-02 9.695328772068023682e-03 8.120000000000000000e+02
5.120179057121276855e-01 -5.186030864715576172e-01 7.901398092508316040e-02 9.695328772068023682e-03 8.130000000000000000e+02
5.122173428535461426e-01 -5.187308788299560547e-01 7.832465320825576782e-02 9.695328772068023682e-03 8.140000000000000000e+02
5.121886134147644043e-01 -5.185185670852661133e-01 7.855837792158126831e-02 4.867623373866081238e-02 8.150000000000000000e+02
5.124942660331726074e-01 -5.186019539833068848e-01 7.865355163812637329e-02 1.721793711185455322e-01 8.160000000000000000e+02
5.122277736663818359e-01 -5.184485912322998047e-01 7.842644304037094116e-02 2.401550114154815674e-01 8.170000000000000000e+02
5.124915242195129395e-01 -5.184848308563232422e-01 7.890375703573226929e-02 2.599585354328155518e-01 8.180000000000000000e+02
5.118411183357238770e-01 -5.182745456695556641e-01 7.887882739305496216e-02 2.708130776882171631e-01 8.190000000000000000e+02
5.126181244850158691e-01 -5.185621380805969238e-01 7.895184308290481567e-02 2.704736888408660889e-01 8.200000000000000000e+02
5.125417113304138184e-01 -5.186287164688110352e-01 7.896722108125686646e-02 2.707773447036743164e-01 8.210000000000000000e+02
5.118390917778015137e-01 -5.186936855316162109e-01 7.860742509365081787e-02 2.707825899124145508e-01 8.220000000000000000e+02
5.122491717338562012e-01 -5.184614658355712891e-01 7.863555848598480225e-02 2.701320350170135498e-01 8.230000000000000000e+02
5.123840570449829102e-01 -5.185371041297912598e-01 7.903818786144256592e-02 2.700871527194976807e-01 8.240000000000000000e+02
5.121162533760070801e-01 -5.184783935546875000e-01 7.919271290302276611e-02 2.696206271648406982e-01 8.250000000000000000e+02
5.124374032020568848e-01 -5.188243389129638672e-01 7.925620675086975098e-02 2.695175409317016602e-01 8.260000000000000000e+02
5.123503804206848145e-01 -5.183400511741638184e-01 7.920803129673004150e-02 2.699248790740966797e-01 8.270000000000000000e+02
5.126150846481323242e-01 -5.183308124542236328e-01 7.939313352108001709e-02 2.698356211185455322e-01 8.280000000000000000e+02
5.125685334205627441e-01 -5.184198617935180664e-01 7.898896187543869019e-02 2.698206007480621338e-01 8.290000000000000000e+02
5.126813650131225586e-01 -5.187884569168090820e-01 7.925874739885330200e-02 2.703359723091125488e-01 8.300000000000000000e+02
5.125491023063659668e-01 -5.187225341796875000e-01 7.957145571708679199e-02 2.700181305408477783e-01 8.310000000000000000e+02
5.123370289802551270e-01 -5.187268257141113281e-01 7.904122769832611084e-02 2.691609263420104980e-01 8.320000000000000000e+02
5.124412178993225098e-01 -5.185572504997253418e-01 7.899177074432373047e-02 2.692011594772338867e-01 8.330000000000000000e+02
5.124981999397277832e-01 -5.185511708259582520e-01 7.976764440536499023e-02 2.696755826473236084e-01 8.340000000000000000e+02
5.111701488494873047e-01 -5.194774270057678223e-01 8.051615953445434570e-02 2.693994939327239990e-01 8.350000000000000000e+02
5.084125995635986328e-01 -5.238692164421081543e-01 8.540619164705276489e-02 2.697615325450897217e-01 8.360000000000000000e+02
5.023595094680786133e-01 -5.313246250152587891e-01 9.648243337869644165e-02 2.694764733314514160e-01 8.370000000000000000e+02
4.933658838272094727e-01 -5.367510914802551270e-01 1.095561087131500244e-01 2.695062458515167236e-01 8.380000000000000000e+02
4.814202785491943359e-01 -5.421737432479858398e-01 1.183084249496459961e-01 2.697710990905761719e-01 8.390000000000000000e+02
4.682610034942626953e-01 -5.490775108337402344e-01 1.210456565022468567e-01 2.699038088321685791e-01 8.400000000000000000e+02
4.589496850967407227e-01 -5.532822608947753906e-01 1.216317117214202881e-01 2.702959775924682617e-01 8.410000000000000000e+02
4.500764608383178711e-01 -5.514898300170898438e-01 1.281641721725463867e-01 2.697734832763671875e-01 8.420000000000000000e+02
4.400605559349060059e-01 -5.489377379417419434e-01 1.373378485441207886e-01 2.701281309127807617e-01 8.430000000000000000e+02
4.263713657855987549e-01 -5.546294450759887695e-01 1.420541405677795410e-01 2.697087824344635010e-01 8.440000000000000000e+02
4.134192466735839844e-01 -5.656803846359252930e-01 1.408690810203552246e-01 2.701361477375030518e-01 8.450000000000000000e+02
4.039801657199859619e-01 -5.716286301612854004e-01 1.385269910097122192e-01 2.702009677886962891e-01 8.460000000000000000e+02
3.966072797775268555e-01 -5.740630030632019043e-01 1.395992934703826904e-01 2.701218128204345703e-01 8.470000000000000000e+02
3.876800835132598877e-01 -5.790467262268066406e-01 1.412588953971862793e-01 2.700193822383880615e-01 8.480000000000000000e+02
3.787123858928680420e-01 -5.860506296157836914e-01 1.453200727701187134e-01 2.704698145389556885e-01 8.490000000000000000e+02
3.698955774307250977e-01 -5.920931696891784668e-01 1.508131623268127441e-01 2.700530588626861572e-01 8.500000000000000000e+02
3.649648129940032959e-01 -5.942457318305969238e-01 1.577917635440826416e-01 2.696243524551391602e-01 8.510000000000000000e+02
3.658222854137420654e-01 -5.944290757179260254e-01 1.624021977186203003e-01 2.693570554256439209e-01 8.520000000000000000e+02
3.706075847148895264e-01 -5.948295593261718750e-01 1.628491282463073730e-01 2.703866660594940186e-01 8.530000000000000000e+02
3.729310929775238037e-01 -5.917575955390930176e-01 1.573780775070190430e-01 2.698579728603363037e-01 8.540000000000000000e+02
3.682593405246734619e-01 -5.850677490234375000e-01 1.485504806041717529e-01 2.698111236095428467e-01 8.550000000000000000e+02
3.610910177230834961e-01 -5.814158916473388672e-01 1.422139853239059448e-01 2.695718407630920410e-01 8.560000000000000000e+02
3.552820086479187012e-01 -5.766123533248901367e-01 1.361827850341796875e-01 2.700532078742980957e-01 8.570000000000000000e+02
3.510661125183105469e-01 -5.679960846900939941e-01 1.338456571102142334e-01 2.697151005268096924e-01 8.580000000000000000e+02
3.460974395275115967e-01 -5.588307380676269531e-01 1.348320692777633667e-01 2.696118354797363281e-01 8.590000000000000000e+02
3.413160145282745361e-01 -5.509659051895141602e-01 1.331081986427307129e-01 2.693650126457214355e-01 8.600000000000000000e+02
3.394167125225067139e-01 -5.456755161285400391e-01 1.288942992687225342e-01 2.696412503719329834e-01 8.610000000000000000e+02
3.389920890331268311e-01 -5.443359613418579102e-01 1.286480873823165894e-01 2.690411508083343506e-01 8.620000000000000000e+02
3.387927711009979248e-01 -5.440110564231872559e-01 1.311501711606979370e-01 2.703946828842163086e-01 8.630000000000000000e+02
3.392952382564544678e-01 -5.444847345352172852e-01 1.320934742689132690e-01 2.695766985416412354e-01 8.640000000000000000e+02
3.397756814956665039e-01 -5.442519187927246094e-01 1.318953931331634521e-01 2.702245414257049561e-01 8.650000000000000000e+02
3.395330607891082764e-01 -5.438669323921203613e-01 1.317247748374938965e-01 2.692513465881347656e-01 8.660000000000000000e+02
3.384070396423339844e-01 -5.430048704147338867e-01 1.307154446840286255e-01 2.697727978229522705e-01 8.670000000000000000e+02
3.385599851608276367e-01 -5.419387817382812500e-01 1.295723617076873779e-01 2.695802152156829834e-01 8.680000000000000000e+02
3.383064866065979004e-01 -5.412341356277465820e-01 1.288075149059295654e-01 2.694150209426879883e-01 8.690000000000000000e+02
3.381805717945098877e-01 -5.416696667671203613e-01 1.291225254535675049e-01 2.700974047183990479e-01 8.700000000000000000e+02
3.382093012332916260e-01 -5.412029027938842773e-01 1.291081458330154419e-01 2.701789736747741699e-01 8.710000000000000000e+02
3.374820351600646973e-01 -5.414673089981079102e-01 1.291560828685760498e-01 2.696939408779144287e-01 8.720000000000000000e+02
3.386436998844146729e-01 -5.411893129348754883e-01 1.286757141351699829e-01 2.697681784629821777e-01 8.730000000000000000e+02
3.391287624835968018e-01 -5.414435267448425293e-01 1.290598809719085693e-01 2.696325480937957764e-01 8.740000000000000000e+02
3.390078544616699219e-01 -5.413591265678405762e-01 1.286252439022064209e-01 2.696237862110137939e-01 8.750000000000000000e+02
3.355553746223449707e-01 -5.402755737304687500e-01 1.274383813142776489e-01 2.697968780994415283e-01 8.760000000000000000e+02
3.290624022483825684e-01 -5.391731858253479004e-01 1.252261996269226074e-01 2.698567807674407959e-01 8.770000000000000000e+02
3.226159811019897461e-01 -5.387264490127563477e-01 1.227711439132690430e-01 2.699542343616485596e-01 8.780000000000000000e+02
3.188607394695281982e-01 -5.386199355125427246e-01 1.209072619676589966e-01 2.695408761501312256e-01 8.790000000000000000e+02
3.163146972656250000e-01 -5.389861464500427246e-01 1.200567334890365601e-01 2.697855532169342041e-01 8.800000000000000000e+02
3.166343569755554199e-01 -5.390070676803588867e-01 1.203109920024871826e-01 2.697553634643554688e-01 8.810000000000000000e+02
3.164296746253967285e-01 -5.387412309646606445e-01 1.202722564339637756e-01 2.699164450168609619e-01 8.820000000000000000e+02
3.158722221851348877e-01 -5.390878915786743164e-01 1.199547797441482544e-01 2.702551484107971191e-01 8.830000000000000000e+02
3.190639019012451172e-01 -5.388123989105224609e-01 1.202183961868286133e-01 2.699541151523590088e-01 8.840000000000000000e+02
3.248443603515625000e-01 -5.376946926116943359e-01 1.203765571117401123e-01 2.700565457344055176e-01 8.850000000000000000e+02
3.309530615806579590e-01 -5.406181216239929199e-01 1.165619343519210815e-01 2.697274982929229736e-01 8.860000000000000000e+02
3.332465589046478271e-01 -5.479954481124877930e-01 1.107685044407844543e-01 2.699746489524841309e-01 8.870000000000000000e+02
3.349549770355224609e-01 -5.525790452957153320e-01 1.062646359205245972e-01 2.703172564506530762e-01 8.880000000000000000e+02
3.345213830471038818e-01 -5.503242015838623047e-01 1.032682806253433228e-01 2.701550126075744629e-01 8.890000000000000000e+02
3.327389061450958252e-01 -5.454046130180358887e-01 9.951855242252349854e-02 2.698123753070831299e-01 8.900000000000000000e+02
3.316996097564697266e-01 -5.425902605056762695e-01 9.639358520507812500e-02 2.695378065109252930e-01 8.910000000000000000e+02
3.322935104370117188e-01 -5.422244071960449219e-01 9.636642038822174072e-02 2.694862484931945801e-01 8.920000000000000000e+02
3.323147594928741455e-01 -5.422959327697753906e-01 9.648156166076660156e-02 2.698516547679901123e-01 8.930000000000000000e+02
3.319252729415893555e-01 -5.424070954322814941e-01 9.655845910310745239e-02 2.700014114379882812e-01 8.940000000000000000e+02
3.320489525794982910e-01 -5.423930883407592773e-01 9.681604057550430298e-02 2.695366442203521729e-01 8.950000000000000000e+02
3.321906030178070068e-01 -5.426871180534362793e-01 9.617815911769866943e-02 2.704174518585205078e-01 8.960000000000000000e+02
3.315844237804412842e-01 -5.423831939697265625e-01 9.615376591682434082e-02 2.697333097457885742e-01 8.970000000000000000e+02
3.319375216960906982e-01 -5.422385931015014648e-01 9.656829386949539185e-02 2.698629498481750488e-01 8.980000000000000000e+02
3.322804868221282959e-01 -5.424573421478271484e-01 9.640861302614212036e-02 2.694458365440368652e-01 8.990000000000000000e+02
3.319613933563232422e-01 -5.425070524215698242e-01 9.663748741149902344e-02 2.700326144695281982e-01 9.000000000000000000e+02
3.319896161556243896e-01 -5.422644615173339844e-01 9.635629504919052124e-02 2.694961130619049072e-01 9.010000000000000000e+02
3.320547342300415039e-01 -5.424088835716247559e-01 9.647751599550247192e-02 2.701210677623748779e-01 9.020000000000000000e+02
3.319284915924072266e-01 -5.422660708427429199e-01 9.610062837600708008e-02 2.693305015563964844e-01 9.030000000000000000e+02
3.320337235927581787e-01 -5.423373579978942871e-01 9.620620310306549072e-02 2.694316804409027100e-01 9.040000000000000000e+02
3.316803276538848877e-01 -5.425993204116821289e-01 9.649380296468734741e-02 2.700134515762329102e-01 9.050000000000000000e+02
3.321377933025360107e-01 -5.425106287002563477e-01 9.651393443346023560e-02 2.701255679130554199e-01 9.060000000000000000e+02
3.317522108554840088e-01 -5.424395799636840820e-01 9.617046266794204712e-02 2.700795233249664307e-01 9.070000000000000000e+02
3.318675458431243896e-01 -5.425577163696289062e-01 9.596185386180877686e-02 2.696476876735687256e-01 9.080000000000000000e+02
3.313002586364746094e-01 -5.424652695655822754e-01 9.632452577352523804e-02 2.697077095508575439e-01 9.090000000000000000e+02
3.310677707195281982e-01 -5.423089265823364258e-01 9.648570418357849121e-02 2.703951001167297363e-01 9.100000000000000000e+02
3.311398327350616455e-01 -5.420337915420532227e-01 9.636394679546356201e-02 2.699212133884429932e-01 9.110000000000000000e+02
3.314969837665557861e-01 -5.425091981887817383e-01 9.659916907548904419e-02 2.688968479633331299e-01 9.120000000000000000e+02
3.318651616573333740e-01 -5.426329970359802246e-01 9.663570672273635864e-02 2.701447308063507080e-01 9.130000000000000000e+02
3.318091928958892822e-01 -5.425744056701660156e-01 9.692977368831634521e-02 2.703758776187896729e-01 9.140000000000000000e+02
3.311653435230255127e-01 -5.422324538230895996e-01 9.633934497833251953e-02 2.693394720554351807e-01 9.150000000000000000e+02
3.315327167510986328e-01 -5.428322553634643555e-01 9.651101380586624146e-02 2.706546485424041748e-01 9.160000000000000000e+02
3.312644958496093750e-01 -5.429242849349975586e-01 9.666354954242706299e-02 2.698319554328918457e-01 9.170000000000000000e+02
3.308505117893218994e-01 -5.426277518272399902e-01 9.636849910020828247e-02 2.695045769214630127e-01 9.180000000000000000e+02
3.306161463260650635e-01 -5.427312850952148438e-01 9.690812975168228149e-02 2.704373896121978760e-01 9.190000000000000000e+02
3.317083120346069336e-01 -5.426909327507019043e-01 9.678119421005249023e-02 2.700089812278747559e-01 9.200000000000000000e+02
3.315964341163635254e-01 -5.427162051200866699e-01 9.687736630439758301e-02 2.695067524909973145e-01 9.210000000000000000e+02
3.314872384071350098e-01 -5.431087613105773926e-01 9.894914925098419189e-02 2.705935835838317871e-01 9.220000000000000000e+02
3.316879570484161377e-01 -5.438164472579956055e-01 1.056706905364990234e-01 2.702256143093109131e-01 9.230000000000000000e+02
3.315298259258270264e-01 -5.422093868255615234e-01 1.201766207814216614e-01 2.701677680015563965e-01 9.240000000000000000e+02
3.309673964977264404e-01 -5.345788002014160156e-01 1.397560238838195801e-01 2.699131369590759277e-01 9.250000000000000000e+02
3.343258500099182129e-01 -5.240292549133300781e-01 1.574050784111022949e-01 2.702861428260803223e-01 9.260000000000000000e+02
3.435301184654235840e-01 -5.167334675788879395e-01 1.685530841350555420e-01 2.696679234504699707e-01 9.270000000000000000e+02
3.633315861225128174e-01 -5.106989145278930664e-01 1.741083264350891113e-01 2.702837586402893066e-01 9.280000000000000000e+02
3.860115408897399902e-01 -5.036395788192749023e-01 1.779129505157470703e-01 2.698559761047363281e-01 9.290000000000000000e+02
4.087634682655334473e-01 -4.959408044815063477e-01 1.792955547571182251e-01 2.695892453193664551e-01 9.300000000000000000e+02
4.258739352226257324e-01 -4.882674813270568848e-01 1.797488033771514893e-01 2.700867950916290283e-01 9.310000000000000000e+02
4.374032616615295410e-01 -4.812399744987487793e-01 1.803189367055892944e-01 2.695920467376708984e-01 9.320000000000000000e+02
4.450116753578186035e-01 -4.759853184223175049e-01 1.801621317863464355e-01 2.698516845703125000e-01 9.330000000000000000e+02
4.536535739898681641e-01 -4.772711396217346191e-01 1.757398247718811035e-01 2.700037956237792969e-01 9.340000000000000000e+02
4.633631110191345215e-01 -4.859367012977600098e-01 1.660934537649154663e-01 2.699420154094696045e-01 9.350000000000000000e+02
4.711626172065734863e-01 -4.939699172973632812e-01 1.544699221849441528e-01 2.705411016941070557e-01 9.360000000000000000e+02
4.739837050437927246e-01 -4.958931207656860352e-01 1.436490714550018311e-01 2.699704468250274658e-01 9.370000000000000000e+02
4.736891388893127441e-01 -4.955038428306579590e-01 1.374236494302749634e-01 2.696332037448883057e-01 9.380000000000000000e+02
4.741723537445068359e-01 -4.953249692916870117e-01 1.357524991035461426e-01 2.700163125991821289e-01 9.390000000000000000e+02
4.758610725402832031e-01 -4.933392405509948730e-01 1.355314403772354126e-01 2.695003449916839600e-01 9.400000000000000000e+02
4.791115522384643555e-01 -4.895808994770050049e-01 1.341365128755569458e-01 2.697780430316925049e-01 9.410000000000000000e+02
4.807931184768676758e-01 -4.881845116615295410e-01 1.324704587459564209e-01 2.702715992927551270e-01 9.420000000000000000e+02
4.804440736770629883e-01 -4.857549071311950684e-01 1.307340413331985474e-01 2.696408033370971680e-01 9.430000000000000000e+02
4.785867333412170410e-01 -4.813285768032073975e-01 1.299938559532165527e-01 2.693142890930175781e-01 9.440000000000000000e+02
4.771344661712646484e-01 -4.799084663391113281e-01 1.295427531003952026e-01 2.698161303997039795e-01 9.450000000000000000e+02
4.773384928703308105e-01 -4.830510318279266357e-01 1.283289790153503418e-01 2.701080739498138428e-01 9.460000000000000000e+02
4.789720773696899414e-01 -4.875094294548034668e-01 1.256410479545593262e-01 2.697857916355133057e-01 9.470000000000000000e+02
4.816026091575622559e-01 -4.905717968940734863e-01 1.245218068361282349e-01 2.698903977870941162e-01 9.480000000000000000e+02
4.835696816444396973e-01 -4.919775128364562988e-01 1.232355684041976929e-01 2.698998153209686279e-01 9.490000000000000000e+02
4.811967611312866211e-01 -4.933664798736572266e-01 1.220897287130355835e-01 2.696030735969543457e-01 9.500000000000000000e+02
4.778370261192321777e-01 -4.932544231414794922e-01 1.222245246171951294e-01 2.701020836830139160e-01 9.510000000000000000e+02
4.756485819816589355e-01 -4.915322065353393555e-01 1.215667277574539185e-01 2.699718475341796875e-01 9.520000000000000000e+02
4.758836030960083008e-01 -4.896403253078460693e-01 1.194977164268493652e-01 2.699888050556182861e-01 9.530000000000000000e+02
4.750499725341796875e-01 -4.879728257656097412e-01 1.166874468326568604e-01 2.699300348758697510e-01 9.540000000000000000e+02
4.749161005020141602e-01 -4.859538078308105469e-01 1.139134019613265991e-01 2.698045074939727783e-01 9.550000000000000000e+02
4.737832546234130859e-01 -4.851490259170532227e-01 1.132375523447990417e-01 2.699615359306335449e-01 9.560000000000000000e+02
4.739098548889160156e-01 -4.853414595127105713e-01 1.127380132675170898e-01 2.695792615413665771e-01 9.570000000000000000e+02
4.743981361389160156e-01 -4.852064251899719238e-01 1.125100553035736084e-01 2.699318826198577881e-01 9.580000000000000000e+02
4.734497666358947754e-01 -4.851822257041931152e-01 1.127286106348037720e-01 2.700483500957489014e-01 9.590000000000000000e+02
4.742850065231323242e-01 -4.851306676864624023e-01 1.129295676946640015e-01 2.695627510547637939e-01 9.600000000000000000e+02
4.741442799568176270e-01 -4.849451184272766113e-01 1.124601364135742188e-01 2.698202729225158691e-01 9.610000000000000000e+02
4.732683897018432617e-01 -4.848914146423339844e-01 1.127735376358032227e-01 2.699997127056121826e-01 9.620000000000000000e+02
4.743421077728271484e-01 -4.852111339569091797e-01 1.124648600816726685e-01 2.697963416576385498e-01 9.630000000000000000e+02
4.738242030143737793e-01 -4.853890538215637207e-01 1.125043630599975586e-01 2.693148255348205566e-01 9.640000000000000000e+02
4.737607240676879883e-01 -4.850896596908569336e-01 1.124982982873916626e-01 2.703806757926940918e-01 9.650000000000000000e+02
4.740132689476013184e-01 -4.851082265377044678e-01 1.131915152072906494e-01 2.698557376861572266e-01 9.660000000000000000e+02
4.739096760749816895e-01 -4.854339361190795898e-01 1.123247146606445312e-01 2.299811840057373047e-01 9.670000000000000000e+02
4.741863012313842773e-01 -4.855004251003265381e-01 1.127338185906410217e-01 1.194332614541053772e-01 9.680000000000000000e+02
4.742018580436706543e-01 -4.853097200393676758e-01 1.124657690525054932e-01 9.695328772068023682e-03 9.690000000000000000e+02
4.735312461853027344e-01 -4.859126806259155273e-01 1.129020750522613525e-01 9.695328772068023682e-03 9.700000000000000000e+02
4.741770029067993164e-01 -4.851782321929931641e-01 1.125976592302322388e-01 1.024090312421321869e-02 9.710000000000000000e+02
4.740280508995056152e-01 -4.853555262088775635e-01 1.128785461187362671e-01 9.814674966037273407e-03 9.720000000000000000e+02
4.739033579826354980e-01 -4.854210019111633301e-01 1.127289906144142151e-01 1.026406697928905487e-02 9.730000000000000000e+02
4.747850894927978516e-01 -4.852508306503295898e-01 1.130814105272293091e-01 1.012272480875253677e-02 9.740000000000000000e+02
4.732599854469299316e-01 -4.855463504791259766e-01 1.128131300210952759e-01 1.012856233865022659e-02 9.750000000000000000e+02
4.743974208831787109e-01 -4.851720333099365234e-01 1.134313195943832397e-01 1.042788196355104446e-02 9.760000000000000000e+02
4.741238951683044434e-01 -4.865892529487609863e-01 1.223493963479995728e-01 9.695328772068023682e-03 9.770000000000000000e+02
4.736974835395812988e-01 -4.863297641277313232e-01 1.447834670543670654e-01 9.695328772068023682e-03 9.780000000000000000e+02
4.676880836486816406e-01 -4.819074869155883789e-01 1.785081923007965088e-01 1.008685212582349777e-02 9.790000000000000000e+02
4.511181712150573730e-01 -4.776141643524169922e-01 2.189891189336776733e-01 1.006586384028196335e-02 9.800000000000000000e+02
4.180745184421539307e-01 -4.812149107456207275e-01 2.596418857574462891e-01 9.695328772068023682e-03 9.810000000000000000e+02
3.674645125865936279e-01 -4.919218420982360840e-01 2.981590032577514648e-01 9.966949000954627991e-03 9.820000000000000000e+02
2.996845245361328125e-01 -5.054654479026794434e-01 3.249940574169158936e-01 1.013150718063116074e-02 9.830000000000000000e+02
2.162800431251525879e-01 -5.246164202690124512e-01 3.369356393814086914e-01 9.695328772068023682e-03 9.840000000000000000e+02
1.364668011665344238e-01 -5.448749661445617676e-01 3.383400440216064453e-01 1.010574307292699814e-02 9.850000000000000000e+02
6.349261105060577393e-02 -5.577464103698730469e-01 3.366243243217468262e-01 9.755797684192657471e-03 9.860000000000000000e+02
5.287352949380874634e-03 -5.618652701377868652e-01 3.351919651031494141e-01 9.856650605797767639e-03 9.870000000000000000e+02
-3.307094797492027283e-02 -5.636660456657409668e-01 3.289180994033813477e-01 9.695328772068023682e-03 9.880000000000000000e+02
-5.286959558725357056e-02 -5.715603828430175781e-01 3.134448528289794922e-01 1.014822348952293396e-02 9.890000000000000000e+02
-5.930410698056221008e-02 -5.827698111534118652e-01 2.929822802543640137e-01 1.044292654842138290e-02 9.900000000000000000e+02
-6.037470325827598572e-02 -5.915313959121704102e-01 2.774021029472351074e-01 9.707985445857048035e-03 9.910000000000000000e+02
-6.146378070116043091e-02 -5.946671366691589355e-01 2.726721763610839844e-01 9.695328772068023682e-03 9.920000000000000000e+02
-6.152195110917091370e-02 -5.943522453308105469e-01 2.723522186279296875e-01 9.809500537812709808e-03 9.930000000000000000e+02
-6.152195110917091370e-02 -5.938694477081298828e-01 2.733606100082397461e-01 9.695328772068023682e-03 9.940000000000000000e+02
-6.152195110917091370e-02 -5.942419767379760742e-01 2.726613879203796387e-01 9.856172837316989899e-03 9.950000000000000000e+02
-6.152195110917091370e-02 -5.943629741668701172e-01 2.734577655792236328e-01 9.695328772068023682e-03 9.960000000000000000e+02
-6.152195110917091370e-02 -5.940781831741333008e-01 2.733124494552612305e-01 9.695328772068023682e-03 9.970000000000000000e+02
-6.152195110917091370e-02 -5.940871238708496094e-01 2.730572819709777832e-01 9.695328772068023682e-03 9.980000000000000000e+02
-6.152195110917091370e-02 -5.941114425659179688e-01 2.726747989654541016e-01 1.008411869406700134e-02 9.990000000000000000e+02
-6.152195110917091370e-02 -5.943550467491149902e-01 2.731005847454071045e-01 1.003184821456670761e-02 1.000000000000000000e+03
-6.152195110917091370e-02 -5.942428112030029297e-01 2.729414105415344238e-01 9.695328772068023682e-03 1.001000000000000000e+03
-6.152195110917091370e-02 -5.941734313964843750e-01 2.731179296970367432e-01 9.695328772068023682e-03 1.002000000000000000e+03
-6.152195110917091370e-02 -5.939778685569763184e-01 2.730882763862609863e-01 1.008502114564180374e-02 1.003000000000000000e+03
-6.152195110917091370e-02 -5.942280888557434082e-01 2.730643451213836670e-01 9.695328772068023682e-03 1.004000000000000000e+03
-6.152195110917091370e-02 -5.941013693809509277e-01 2.730700075626373291e-01 9.836697019636631012e-03 1.005000000000000000e+03
-6.152195110917091370e-02 -5.941176414489746094e-01 2.733328938484191895e-01 9.695328772068023682e-03 1.006000000000000000e+03
-6.152195110917091370e-02 -5.939496755599975586e-01 2.732736766338348389e-01 9.770232252776622772e-03 1.007000000000000000e+03
-6.127250194549560547e-02 -5.942827463150024414e-01 2.732127308845520020e-01 9.695328772068023682e-03 1.008000000000000000e+03
-6.152195110917091370e-02 -5.943386554718017578e-01 2.731213569641113281e-01 1.010051649063825607e-02 1.009000000000000000e+03
-6.120852008461952209e-02 -5.942867994308471680e-01 2.732509374618530273e-01 9.695328772068023682e-03 1.010000000000000000e+03
-6.152195110917091370e-02 -5.941902995109558105e-01 2.732024490833282471e-01 9.695328772068023682e-03 1.011000000000000000e+03
-6.152195110917091370e-02 -5.942364335060119629e-01 2.733241319656372070e-01 9.695328772068023682e-03 1.012000000000000000e+03
-6.152195110917091370e-02 -5.942000150680541992e-01 2.731897532939910889e-01 9.695328772068023682e-03 1.013000000000000000e+03
-6.129530072212219238e-02 -5.941153764724731445e-01 2.733569145202636719e-01 1.013166643679141998e-02 1.014000000000000000e+03
-6.152195110917091370e-02 -5.943352580070495605e-01 2.728277444839477539e-01 9.857658296823501587e-03 1.015000000000000000e+03
-6.079391017556190491e-02 -5.941232442855834961e-01 2.727994322776794434e-01 9.695328772068023682e-03 1.016000000000000000e+03
-6.144667416810989380e-02 -5.941047668457031250e-01 2.729479074478149414e-01 1.057102903723716736e-02 1.017000000000000000e+03
-6.152195110917091370e-02 -5.940332412719726562e-01 2.727905511856079102e-01 9.843038395047187805e-03 1.018000000000000000e+03
-6.137273460626602173e-02 -5.941596031188964844e-01 2.730531096458435059e-01 9.970026090741157532e-03 1.019000000000000000e+03
-6.101852655410766602e-02 -5.942327380180358887e-01 2.727595865726470947e-01 9.776095859706401825e-03 1.020000000000000000e+03
-6.152195110917091370e-02 -5.942419767379760742e-01 2.728372216224670410e-01 9.832452051341533661e-03 1.021000000000000000e+03
-6.127388402819633484e-02 -5.940876007080078125e-01 2.726886272430419922e-01 1.003951672464609146e-02 1.022000000000000000e+03
-6.137697398662567139e-02 -5.940190553665161133e-01 2.728815674781799316e-01 9.849672205746173859e-03 1.023000000000000000e+03
-6.152195110917091370e-02 -5.946990847587585449e-01 2.721634209156036377e-01 9.695328772068023682e-03 1.024000000000000000e+03
-6.152195110917091370e-02 -5.944704413414001465e-01 2.721511125564575195e-01 9.826561436057090759e-03 1.025000000000000000e+03
-6.152195110917091370e-02 -5.947719812393188477e-01 2.721012234687805176e-01 1.038975454866886139e-02 1.026000000000000000e+03
-6.152195110917091370e-02 -5.948655009269714355e-01 2.725475132465362549e-01 1.088422629982233047e-02 1.027000000000000000e+03
-6.152195110917091370e-02 -5.945355892181396484e-01 2.725026011466979980e-01 9.845134802162647247e-03 1.028000000000000000e+03
-6.152195110917091370e-02 -5.946961641311645508e-01 2.724040448665618896e-01 1.023578271269798279e-02 1.029000000000000000e+03
-6.152195110917091370e-02 -5.946953892707824707e-01 2.722837030887603760e-01 1.020269561558961868e-02 1.030000000000000000e+03
-6.152195110917091370e-02 -5.946164131164550781e-01 2.724589407444000244e-01 1.018550246953964233e-02 1.031000000000000000e+03
